"ch","part","comp","whole","idx","len","x","y","w","h"
"鍌","0","洗","洗","0","0","28","11","213","119"
"鍌","1","金","金","0","0","22","122","216","121"
"㠲","0","巾","幕","10","3","25","15","75","227"
"㠲","1","匕","匕","0","0","142","21","94","219"
"㠿","0","此","些","0","6","16","10","218","105"
"㠿","1","巾","巾","0","0","51","124","153","118"
"㽴","0","疒","癥","0","5","21","17","218","228"
"㽴","1","丈","丈","0","0","79","77","157","161"
"䀶","0","目","苜","3","5","29","42","56","177"
"䀶","1","良","琅","4","7","117","23","119","209"
"䁾","0","目","苜","3","5","24","32","49","184"
"䁾","1","蔑","襪","5","15","77","15","160","233"
"䋃","0","糹","納","0","6","14","27","98","213"
"䋃","1","毛","毽","0","4","109","26","130","219"
"䋽","0","糹","紀","0","6","13","28","76","213"
"䋽","1","封","封","0","0","92","20","150","212"
"䌤","0","糹","紐","0","6","11","29","84","206"
"䌤","1","爾","邇","3","14","91","29","149","211"
"䍮","0","羊","翔","0","6","5","16","109","224"
"䍮","1","兆","佻","2","6","100","20","145","223"
"䐞","0","肉","臍","0","6","35","17","45","218"
"䐞","1","弱","弱","0","0","100","24","134","216"
"䡑","0","車","輔","0","7","3","9","117","237"
"䡑","1","民","民","0","0","128","22","118","219"
"䡟","0","車","輕","0","7","2","12","115","230"
"䡟","1","卑","牌","4","8","112","19","134","225"
"䡦","0","車","斬","0","7","5","13","103","230"
"䡦","1","桑","桑","0","0","92","29","149","216"
"䩞","0","革","革","0","0","9","25","113","211"
"䩞","1","占","拈","3","5","135","20","104","220"
"䪗","0","韋","韋","0","0","7","24","106","213"
"䪗","1","叚","瑕","4","9","120","33","125","216"
"亍","0","一","戌","5","1","31","38","182","42"
"亍","1","丁","丁","0","0","12","96","222","133"
"亢","0","亠","育","0","2","25","13","216","47"
"亢","1","几","咒","6","2","32","101","201","138"
"仉","0","亻","作","0","2","7","21","72","211"
"仉","1","几","凡","0","2","72","42","168","203"
"仨","0","亻","作","0","2","14","20","62","214"
"仨","1","三","三","0","0","84","47","151","187"
"仵","0","亻","作","0","2","19","14","54","227"
"仵","1","午","杵","4","4","69","15","170","230"
"伎","0","亻","作","0","2","19","14","54","233"
"伎","1","支","吱","3","4","69","20","169","216"
"佈","0","亻","備","0","2","11","21","61","220"
"佈","1","布","鈽","8","5","74","16","169","225"
"佚","0","亻","作","0","2","11","19","60","222"
"佚","1","失","軼","7","5","70","16","171","229"
"佪","0","亻","仇","0","2","20","14","50","229"
"佪","1","回","茴","3","6","105","43","127","199"
"佶","0","亻","備","0","2","20","14","50","229"
"佶","1","吉","結","6","6","76","13","168","229"
"佼","0","亻","作","0","2","20","14","50","229"
"佼","1","交","蛟","6","6","81","15","153","225"
"侄","0","亻","仇","0","2","20","14","50","229"
"侄","1","至","至","0","0","72","38","174","200"
"侔","0","亻","作","0","2","20","15","50","229"
"侔","1","牟","牟","0","0","74","11","165","242"
"侗","0","亻","佞","0","2","20","14","50","229"
"侗","1","同","同","0","0","101","22","128","219"
"侷","0","亻","備","0","2","12","22","55","213"
"侷","1","局","局","0","0","75","24","149","229"
"倜","0","亻","備","0","2","11","24","61","216"
"倜","1","周","週","3","8","74","21","154","222"
"偈","0","亻","備","0","2","13","17","57","225"
"偈","1","曷","葛","3","9","83","25","151","216"
"僂","0","亻","備","0","2","10","18","63","224"
"僂","1","婁","髏","9","11","71","16","169","224"
"僉","0","亼","食","0","3","12","13","219","94"
"僉","1","口","咸","6","3","49","111","50","63"
"僉","2","口","噩","13","3","141","110","58","65"
"僉","3","人","臾","6","2","8","179","108","65"
"僉","4","人","人","0","0","110","179","99","65"
"僬","0","亻","仇","0","2","17","16","53","229"
"僬","1","焦","憔","3","12","78","18","168","226"
"儆","0","亻","作","0","2","5","13","53","237"
"儆","1","敬","警","0","13","58","20","184","220"
"儕","0","亻","倀","0","2","10","18","53","229"
"儕","1","齊","齋","0","14","63","16","175","225"
"儺","0","亻","備","0","2","1","13","47","230"
"儺","1","難","灘","3","19","52","19","194","224"
"儻","0","亻","備","0","2","10","18","53","230"
"儻","1","黨","黨","0","0","76","15","168","230"
"冪","0","冖","鬱","14","2","1","6","240","50"
"冪","1","幕","幕","0","0","14","39","208","211"
"剮","0","咼","過","3","9","20","26","124","202"
"剮","1","刂","釗","8","2","183","19","43","215"
"劊","0","會","會","0","0","11","13","163","229"
"劊","1","刂","剋","7","2","183","21","45","219"
"劭","0","召","迢","3","5","24","28","102","200"
"劭","1","力","功","3","2","125","13","107","232"
"勠","0","翏","戮","0","11","10","23","141","215"
"勠","1","力","勸","17","2","148","14","91","226"
"勺","0","勹","匆","0","2","24","10","205","245"
"勺","1","丶","戍","5","1","94","107","68","87"
"匜","0","匚","匝","0","2","28","27","201","196"
"匜","1","也","也","0","0","49","43","176","157"
"匭","0","匚","匝","0","2","19","25","217","205"
"匭","1","軌","軌","0","0","40","33","196","178"
"厘","0","厂","厲","0","2","11","21","226","216"
"厘","1","里","裡","5","7","48","68","195","160"
"叶","0","口","噩","13","3","18","34","63","149"
"叶","1","十","什","2","2","85","18","159","234"
"吰","0","口","噩","13","3","18","31","57","161"
"吰","1","厷","宏","3","4","75","12","158","230"
"吽","0","口","噩","13","3","14","40","51","154"
"吽","1","牛","牛","0","0","79","27","158","222"
"呦","0","口","噩","13","3","23","32","47","150"
"呦","1","幼","幼","0","0","74","27","152","208"
"咂","0","口","噩","13","3","15","28","53","145"
"咂","1","匝","匝","0","0","94","25","147","211"
"咧","0","口","咸","6","3","18","30","48","155"
"咧","1","列","裂","0","6","72","22","156","216"
"咩","0","口","噩","13","3","17","33","49","157"
"咩","1","羊","佯","2","6","86","23","152","216"
"咾","0","口","噩","13","3","19","38","52","150"
"咾","1","老","姥","3","6","84","21","151","223"
"咿","0","口","哀","6","3","17","22","42","150"
"咿","1","伊","伊","0","0","63","21","173","222"
"哆","0","口","咸","6","3","22","27","50","150"
"哆","1","多","移","5","6","80","17","158","227"
"哞","0","口","咸","6","3","17","38","54","150"
"哞","1","牟","牟","0","0","81","11","151","236"
"哧","0","口","噩","13","3","14","25","54","150"
"哧","1","赤","赤","0","0","73","22","170","215"
"哳","0","口","咸","6","3","16","37","45","150"
"哳","1","折","浙","3","7","76","22","164","215"
"哽","0","口","噩","13","3","13","25","54","150"
"哽","1","更","梗","4","7","75","23","171","218"
"唄","0","口","噩","13","3","23","30","54","150"
"唄","1","貝","貳","5","7","84","27","151","215"
"唇","0","辰","辰","0","0","17","22","208","144"
"唇","1","口","噩","13","3","73","172","126","59"
"唏","0","口","噩","13","3","18","31","47","138"
"唏","1","希","希","0","0","62","16","169","231"
"唵","0","口","哀","6","3","20","34","47","148"
"唵","1","奄","俺","2","8","77","15","151","227"
"唼","0","口","噩","13","3","23","38","47","148"
"唼","1","妾","接","3","8","77","19","168","227"
"啁","0","口","噩","13","3","24","24","49","137"
"啁","1","周","週","3","8","81","14","145","227"
"啥","0","口","噩","13","3","16","33","47","148"
"啥","1","舍","舍","0","0","69","16","169","227"
"喑","0","口","噩","13","3","25","45","51","138"
"喑","1","音","意","0","9","80","17","153","216"
"喙","0","口","噩","13","3","19","33","47","148"
"喙","1","彖","緣","6","9","80","18","151","230"
"嗔","0","口","咸","6","3","16","33","47","148"
"嗔","1","真","填","3","10","61","20","186","227"
"嗖","0","口","噩","13","3","26","34","47","148"
"嗖","1","叟","艘","6","10","80","17","162","230"
"嗝","0","口","噩","13","3","16","33","47","148"
"嗝","1","鬲","隔","2","10","95","15","136","227"
"嗶","0","口","咸","6","3","19","27","47","148"
"嗶","1","畢","畢","0","0","69","13","174","227"
"噁","0","口","噩","13","3","16","33","47","148"
"噁","1","惡","惡","0","0","74","27","168","210"
"噌","0","口","噩","13","3","24","34","47","148"
"噌","1","曾","增","3","12","93","14","132","227"
"噶","0","口","噩","13","3","22","28","47","148"
"噶","1","葛","葛","0","0","69","17","175","227"
"噼","0","口","咸","6","3","14","31","47","148"
"噼","1","辟","辟","0","0","66","25","172","218"
"嚙","0","口","噩","13","3","22","32","47","148"
"嚙","1","齒","齣","0","15","79","11","162","236"
"囡","0","囗","回","0","3","25","29","207","202"
"囡","1","女","女","0","0","55","51","148","151"
"囫","0","囗","圈","0","3","27","24","195","221"
"囫","1","勿","勿","0","0","44","44","148","153"
"囷","0","囗","圈","0","3","25","23","197","223"
"囷","1","禾","香","0","5","46","53","141","155"
"囹","0","囗","圈","0","3","27","24","195","221"
"囹","1","令","苓","3","5","44","29","155","173"
"囿","0","囗","圈","0","3","24","21","201","233"
"囿","1","有","有","0","0","37","28","169","179"
"圄","0","囗","園","0","3","29","26","192","223"
"圄","1","吾","吾","0","0","48","56","156","148"
"圇","0","囗","園","0","3","27","24","195","221"
"圇","1","侖","崙","3","8","42","40","155","162"
"圉","0","囗","園","0","3","32","23","184","229"
"圉","1","幸","幸","0","0","48","43","151","166"
"圜","0","囗","圈","0","3","32","24","187","226"
"圜","1","睘","環","4","13","38","44","173","164"
"圮","0","土","去","0","3","10","14","100","195"
"圮","1","己","妃","3","3","119","41","111","209"
"圻","0","土","墜","11","3","1","11","100","183"
"圻","1","斤","折","3","4","87","14","153","230"
"坌","0","分","芬","3","4","28","27","204","127"
"坌","1","土","墜","11","3","26","153","194","74"
"坯","0","土","墜","11","3","14","18","75","197"
"坯","1","丕","呸","3","5","77","36","166","186"
"坳","0","土","墜","11","3","6","5","75","202"
"坳","1","幼","幼","0","0","78","20","157","229"
"堄","0","土","墜","11","3","13","10","75","187"
"堄","1","兒","兒","0","0","79","21","159","213"
"塈","0","既","既","0","0","29","27","208","125"
"塈","1","土","堅","8","3","18","164","212","72"
"墩","0","土","墜","11","3","4","17","75","190"
"墩","1","敦","敦","0","0","68","17","167","228"
"壂","0","殿","臀","0","13","19","21","213","150"
"壂","1","土","去","0","3","19","176","214","63"
"夯","0","大","大","0","0","17","10","223","122"
"夯","1","力","勸","17","2","31","111","178","131"
"妗","0","女","姑","0","3","10","20","89","221"
"妗","1","今","含","0","4","86","5","154","237"
"妲","0","女","女","0","0","10","19","83","215"
"妲","1","旦","旦","0","0","87","30","160","207"
"姝","0","女","女","0","0","1","17","89","227"
"姝","1","朱","殊","4","6","91","31","151","212"
"姤","0","女","女","0","0","7","20","89","221"
"姤","1","后","逅","3","6","108","21","135","223"
"姮","0","女","女","0","0","4","18","89","221"
"姮","1","亘","宣","3","6","92","31","160","207"
"娉","0","女","奶","0","3","18","22","73","211"
"娉","1","甹","聘","6","7","94","12","154","234"
"婕","0","女","女","0","0","1","19","83","216"
"婕","1","疌","睫","5","8","83","10","159","242"
"婺","0","矛","茅","3","5","9","14","122","137"
"婺","1","攵","攻","3","4","122","15","127","130"
"婺","2","女","娑","7","3","12","144","227","103"
"媧","0","女","女","0","0","15","25","76","212"
"媧","1","咼","萵","3","9","112","24","129","226"
"嫋","0","女","女","0","0","10","22","79","212"
"嫋","1","弱","弱","0","0","96","24","141","219"
"嬈","0","女","安","3","3","12","23","71","218"
"嬈","1","堯","燒","4","12","92","25","151","216"
"嬖","0","辟","劈","0","13","12","26","220","124"
"嬖","1","女","姿","6","3","17","148","224","99"
"嬗","0","女","女","0","0","1","26","83","212"
"嬗","1","亶","壇","3","13","87","28","160","213"
"嬡","0","女","女","0","0","1","25","79","212"
"嬡","1","愛","愛","0","0","87","17","154","225"
"孢","0","子","孫","0","3","10","32","98","212"
"孢","1","包","苞","3","5","92","24","135","221"
"孥","0","奴","弩","0","5","16","13","217","107"
"孥","1","子","字","3","3","21","133","212","116"
"孬","0","不","不","0","0","16","19","212","89"
"孬","1","好","好","0","0","16","105","231","137"
"宓","0","宀","宅","0","3","28","19","206","62"
"宓","1","必","祕","4","5","11","83","224","160"
"宕","0","宀","宣","0","3","21","10","215","77"
"宕","1","石","岩","3","5","28","97","200","137"
"寠","0","宀","宅","0","3","15","1","222","58"
"寠","1","婁","婁","0","0","17","44","221","206"
"寰","0","宀","宅","0","3","24","6","215","57"
"寰","1","睘","環","4","13","14","56","223","183"
"尪","0","尢","尷","0","3","9","10","126","228"
"尪","1","王","噩","0","4","114","39","127","138"
"尻","0","尸","屐","0","3","15","25","197","230"
"尻","1","九","軌","7","2","49","85","184","156"
"屣","0","尸","屐","0","3","6","16","208","204"
"屣","1","徙","徙","0","0","47","70","180","169"
"屩","0","尸","展","0","3","1","16","211","225"
"屩","1","彳","屜","3","3","46","77","45","168"
"屩","2","喬","喬","0","0","101","78","118","169"
"屺","0","山","山","0","0","20","26","68","177"
"屺","1","己","記","7","3","108","34","127","220"
"岬","0","山","巖","0","3","20","21","64","197"
"岬","1","甲","胛","6","5","123","21","107","224"
"峋","0","山","山","0","0","28","20","64","197"
"峋","1","旬","荀","3","6","108","13","122","229"
"峒","0","山","巖","0","3","20","21","64","197"
"峒","1","同","同","0","0","115","20","111","224"
"崗","0","山","山","0","0","40","23","171","61"
"崗","1","岡","綱","6","8","29","92","193","146"
"崴","0","山","山","0","0","47","9","166","48"
"崴","1","威","威","0","0","4","64","239","183"
"崽","0","山","山","0","0","45","16","161","57"
"崽","1","思","思","0","0","26","92","210","145"
"嵋","0","山","幽","0","3","20","21","64","197"
"嵋","1","眉","媚","3","9","90","26","150","209"
"嵎","0","山","汕","3","3","20","21","64","197"
"嵎","1","禺","遇","3","9","109","16","126","225"
"嶂","0","山","山","0","0","20","21","64","197"
"嶂","1","章","幛","3","11","98","19","143","234"
"嶗","0","山","山","0","0","20","21","64","197"
"嶗","1","勞","嘮","3","12","100","16","135","225"
"嶙","0","山","山","0","0","20","21","64","197"
"嶙","1","粦","磷","5","12","100","16","135","225"
"嶸","0","山","山","0","0","13","19","64","197"
"嶸","1","榮","榮","0","0","89","12","145","237"
"帙","0","巾","幕","10","3","12","14","71","225"
"帙","1","失","失","0","0","98","15","143","236"
"幄","0","巾","幕","10","3","14","13","71","225"
"幄","1","屋","握","3","9","95","29","147","220"
"幘","0","巾","幕","10","3","17","6","69","237"
"幘","1","責","績","6","11","96","12","142","238"
"幡","0","巾","幕","10","3","18","20","66","212"
"幡","1","番","蕃","3","12","86","17","156","213"
"庋","0","广","床","0","3","7","23","231","222"
"庋","1","支","吱","3","4","57","67","177","170"
"廕","0","广","麻","0","3","10","12","231","222"
"廕","1","陰","蔭","3","11","63","52","177","192"
"廡","0","广","序","0","3","3","12","229","238"
"廡","1","無","蕪","3","12","37","66","202","180"
"廥","0","广","麻","0","3","10","12","231","222"
"廥","1","會","會","0","0","49","41","186","197"
"廩","0","广","唐","0","3","6","13","230","225"
"廩","1","稟","稟","0","0","43","57","190","197"
"彘","0","彑","互","1","3","18","6","224","75"
"彘","1","匕","匕","0","0","37","100","40","121"
"彘","2","矢","矢","0","0","79","96","92","151"
"彘","3","匕","匕","0","0","187","97","52","142"
"彝","0","彑","互","1","3","30","15","207","60"
"彝","1","米","迷","3","6","20","82","86","88"
"彝","2","糸","紊","4","6","110","84","119","86"
"彝","3","廾","羿","6","3","16","171","218","75"
"徉","0","彳","徒","0","3","4","14","63","233"
"徉","1","羊","翔","0","6","85","18","139","224"
"徜","0","彳","往","0","3","11","18","63","218"
"徜","1","尚","尚","0","0","99","19","131","224"
"徠","0","彳","徒","0","3","11","21","63","218"
"徠","1","來","來","0","0","80","15","158","224"
"徼","0","彳","徒","0","3","7","13","63","218"
"徼","1","敫","激","3","13","73","11","168","233"
"忐","0","上","上","0","0","18","20","217","109"
"忐","1","心","慫","11","4","14","143","221","100"
"忑","0","下","下","0","0","16","30","217","105"
"忑","1","心","慫","11","4","11","143","221","100"
"忒","0","弋","代","2","3","27","7","214","228"
"忒","1","心","慝","10","4","21","116","118","119"
"忡","0","忄","憶","0","3","16","17","74","225"
"忡","1","中","仲","2","4","107","21","127","217"
"忤","0","忄","憎","0","3","13","17","70","225"
"忤","1","午","杵","4","4","84","22","157","218"
"忪","0","忄","悄","0","3","12","18","70","225"
"忪","1","公","公","0","0","74","33","166","199"
"忮","0","忄","怕","0","3","19","17","70","225"
"忮","1","支","歧","4","4","96","19","142","217"
"忸","0","忄","悄","0","3","18","17","64","218"
"忸","1","丑","紐","6","4","81","35","172","190"
"忻","0","忄","憶","0","3","12","18","70","225"
"忻","1","斤","折","3","4","85","19","149","229"
"怍","0","忄","憶","0","3","12","18","70","225"
"怍","1","乍","窄","5","5","84","25","149","214"
"怙","0","忄","憶","0","3","12","18","70","225"
"怙","1","古","苦","3","5","90","20","149","217"
"怦","0","忄","悄","0","3","12","18","70","225"
"怦","1","平","平","0","0","78","31","163","211"
"怩","0","忄","悄","0","3","12","18","70","225"
"怩","1","尼","尼","0","0","81","19","149","228"
"恁","0","任","荏","3","6","6","27","226","125"
"恁","1","心","心","0","0","15","160","220","79"
"恚","0","圭","街","6","6","18","14","218","135"
"恚","1","心","沁","3","4","20","166","220","79"
"悛","0","忄","怕","0","3","17","12","67","227"
"悛","1","夋","梭","4","7","86","9","147","237"
"悱","0","忄","憫","0","3","12","18","70","225"
"悱","1","非","排","3","8","75","17","171","223"
"惇","0","忄","悄","0","3","12","18","70","225"
"惇","1","享","孰","0","8","78","29","164","218"
"愆","0","衍","衍","0","0","21","19","206","150"
"愆","1","心","慝","10","4","8","171","219","75"
"愔","0","忄","怕","0","3","14","18","77","219"
"愔","1","音","意","0","9","84","16","159","216"
"愫","0","忄","憶","0","3","12","18","70","225"
"愫","1","素","素","0","0","78","21","159","223"
"慪","0","忄","忙","0","3","16","19","66","219"
"慪","1","區","嘔","3","11","88","25","159","200"
"慳","0","忄","悄","0","3","12","21","66","219"
"慳","1","堅","堅","0","0","87","30","151","200"
"慵","0","忄","憶","0","3","16","23","59","216"
"慵","1","庸","庸","0","0","71","13","171","229"
"憋","0","敝","蔽","3","11","30","14","215","154"
"憋","1","心","慝","10","4","11","174","225","73"
"憨","0","敢","橄","4","12","22","20","221","158"
"憨","1","心","心","0","0","6","181","225","63"
"懞","0","忄","憎","0","3","16","19","66","219"
"懞","1","蒙","濛","3","14","84","19","156","221"
"懟","0","對","對","0","0","21","19","214","148"
"懟","1","心","心","0","0","17","171","219","69"
"懨","0","忄","悄","0","3","8","20","66","219"
"懨","1","厭","魘","0","14","71","24","161","218"
"戇","0","贛","贛","0","0","12","16","229","175"
"戇","1","心","慝","10","4","16","196","228","50"
"戥","0","星","惺","3","9","20","28","126","192"
"戥","1","戈","戕","4","4","129","18","103","217"
"戧","0","倉","蒼","3","10","16","12","135","232"
"戧","1","戈","戢","9","4","140","31","106","210"
"戽","0","戶","扈","0","4","5","25","221","198"
"戽","1","斗","斗","0","0","57","105","178","141"
"扃","0","戶","扁","0","4","15","8","201","236"
"扃","1","冋","迥","3","5","76","115","156","130"
"扞","0","扌","扣","0","3","19","10","88","222"
"扞","1","干","刊","0","3","98","37","132","218"
"扺","0","扌","捎","0","3","17","16","88","222"
"扺","1","氏","氐","0","4","112","15","128","222"
"拊","0","扌","摟","0","3","2","11","88","222"
"拊","1","付","付","0","0","89","18","156","218"
"挂","0","扌","捎","0","3","8","16","88","222"
"挂","1","圭","畦","5","6","85","22","156","218"
"挓","0","扌","扣","0","3","9","13","88","222"
"挓","1","宅","宅","0","0","92","11","143","233"
"挲","0","沙","莎","3","7","32","12","207","107"
"挲","1","手","手","0","0","16","132","228","110"
"挹","0","扌","搜","0","3","15","22","76","210"
"挹","1","邑","邑","0","0","93","41","142","199"
"捃","0","扌","捎","0","3","15","22","76","207"
"捃","1","君","君","0","0","84","34","160","207"
"捅","0","扌","扣","0","3","15","22","76","220"
"捅","1","甬","通","3","7","99","24","129","222"
"捌","0","扌","搜","0","3","7","16","88","222"
"捌","1","別","別","0","0","83","28","148","213"
"捍","0","扌","抒","0","3","7","16","88","222"
"捍","1","旱","悍","3","7","86","24","156","220"
"据","0","扌","搜","0","3","7","16","88","222"
"据","1","居","居","0","0","92","21","156","221"
"捺","0","扌","捎","0","3","7","16","88","222"
"捺","1","奈","奈","0","0","85","24","156","216"
"掂","0","扌","扣","0","3","7","16","88","222"
"掂","1","店","店","0","0","87","27","156","216"
"掇","0","扌","捎","0","3","7","16","88","222"
"掇","1","叕","輟","7","8","84","21","156","213"
"掐","0","扌","扣","0","3","7","16","88","222"
"掐","1","臽","陷","2","8","91","20","142","215"
"掮","0","扌","抒","0","3","7","16","88","222"
"掮","1","肩","肩","0","0","83","35","156","216"
"掰","0","手","手","0","0","7","16","88","222"
"掰","1","分","紛","6","4","80","28","91","197"
"掰","2","手","摯","11","4","173","19","63","214"
"揃","0","扌","搜","0","3","7","16","88","222"
"揃","1","前","剪","0","9","87","28","156","216"
"揄","0","扌","捎","0","3","7","16","88","222"
"揄","1","俞","俞","0","0","78","16","156","227"
"揠","0","扌","抒","0","3","7","16","88","222"
"揠","1","匽","偃","2","9","90","27","144","212"
"揶","0","扌","捎","0","3","7","16","88","222"
"揶","1","耶","爺","4","9","75","33","173","213"
"搆","0","扌","捎","0","3","12","13","81","224"
"搆","1","冓","遘","3","10","80","13","160","225"
"搐","0","扌","抒","0","3","7","16","88","222"
"搐","1","畜","蓄","3","10","82","21","173","220"
"搣","0","扌","捎","0","3","8","15","80","222"
"搣","1","烕","滅","3","10","61","12","177","235"
"搦","0","扌","抒","0","3","8","15","80","222"
"搦","1","弱","弱","0","0","97","28","134","219"
"搧","0","扌","抒","0","3","8","15","80","222"
"搧","1","扇","煽","4","10","84","18","155","227"
"摀","0","扌","搜","0","3","20","23","79","217"
"摀","1","烏","烏","0","0","93","25","153","213"
"摓","0","扌","擋","0","3","8","15","80","222"
"摓","1","逢","逢","0","0","69","19","181","235"
"摭","0","扌","扣","0","3","8","15","80","222"
"摭","1","庶","蔗","3","11","79","20","156","227"
"摳","0","扌","抒","0","3","8","15","80","222"
"摳","1","區","嘔","3","11","92","34","156","197"
"摻","0","扌","搜","0","3","8","15","80","222"
"摻","1","參","參","0","0","73","13","174","238"
"撂","0","扌","搜","0","3","14","24","74","211"
"撂","1","田","苗","3","5","110","23","112","65"
"撂","2","各","恪","3","6","86","94","159","145"
"撙","0","扌","抒","0","3","8","15","80","222"
"撙","1","尊","尊","0","0","79","10","156","234"
"撳","0","扌","摟","0","3","1","5","80","222"
"撳","1","欽","欽","0","0","73","10","179","234"
"擀","0","扌","揚","0","3","8","15","80","222"
"擀","1","幹","幹","0","0","72","20","168","230"
"擓","0","扌","搔","0","3","8","15","80","222"
"擓","1","匯","匯","0","0","95","29","156","207"
"擢","0","扌","抒","0","3","17","17","62","229"
"擢","1","翟","耀","6","14","83","28","165","221"
"擤","0","扌","摟","0","3","8","15","80","222"
"擤","1","鼻","鼻","0","0","77","12","168","231"
"擯","0","扌","抒","0","3","8","15","80","222"
"擯","1","賓","鬢","10","14","85","32","167","216"
"擷","0","扌","搜","0","3","8","15","80","222"
"擷","1","頡","頡","0","0","72","14","182","230"
"攢","0","扌","拌","0","3","8","15","80","222"
"攢","1","贊","贊","0","0","85","13","156","241"
"敉","0","米","迷","3","6","3","13","119","224"
"敉","1","攵","改","3","4","115","16","111","234"
"敕","0","束","剌","0","7","8","13","130","231"
"敕","1","攵","數","11","4","122","11","124","237"
"斕","0","文","產","0","4","9","29","79","188"
"斕","1","闌","蘭","3","17","104","17","134","220"
"旮","0","九","旭","0","2","13","10","208","124"
"旮","1","日","暹","3","4","58","150","130","90"
"旯","0","日","暹","3","4","44","17","140","108"
"旯","1","九","軌","7","2","6","111","220","128"
"旰","0","日","暹","3","4","23","37","55","159"
"旰","1","干","干","0","0","88","24","159","211"
"昃","0","日","暹","3","4","60","29","135","71"
"昃","1","仄","仄","0","0","14","114","219","123"
"昇","0","日","暹","3","4","58","19","138","80"
"昇","1","升","升","0","0","20","118","212","125"
"昊","0","日","暹","3","4","52","20","142","81"
"昊","1","天","忝","0","4","19","127","213","121"
"昕","0","日","暹","3","4","19","21","64","175"
"昕","1","斤","折","3","4","84","9","157","236"
"昱","0","日","暹","3","4","57","31","142","93"
"昱","1","立","翌","6","5","19","120","222","116"
"昴","0","日","暹","3","4","64","22","142","64"
"昴","1","卯","柳","4","5","34","106","184","143"
"昵","0","日","暹","3","4","15","30","53","187"
"昵","1","尼","妮","3","5","89","12","154","236"
"晷","0","日","暹","3","4","61","16","127","76"
"晷","1","咎","咎","0","0","18","99","221","133"
"晾","0","日","暹","3","4","21","38","53","178"
"晾","1","京","諒","7","8","88","24","154","217"
"暄","0","日","暹","3","4","20","36","53","187"
"暄","1","宣","渲","3","9","81","10","159","236"
"暌","0","日","日","0","0","22","40","48","152"
"暌","1","癸","睽","5","9","81","29","161","207"
"暝","0","日","暹","3","4","21","29","53","187"
"暝","1","冥","冥","0","0","89","12","154","236"
"暱","0","日","暹","3","4","19","33","46","178"
"暱","1","匿","慝","0","11","86","31","152","197"
"曇","0","日","暹","3","4","59","18","139","56"
"曇","1","雲","雲","0","0","22","89","218","156"
"曜","0","日","暹","3","4","21","21","53","187"
"曜","1","翟","濯","3","14","83","25","154","214"
"曩","0","日","暹","3","4","56","17","144","41"
"曩","1","襄","嚷","3","17","9","61","243","184"
"杆","0","木","木","0","0","11","6","86","237"
"杆","1","干","刊","0","3","101","37","124","207"
"杈","0","木","機","0","4","4","14","104","231"
"杈","1","叉","叉","0","0","80","47","159","202"
"杓","0","木","渠","7","4","15","22","88","219"
"杓","1","勺","芍","3","3","93","20","131","220"
"杠","0","木","柏","0","4","12","13","104","231"
"杠","1","工","式","3","3","100","45","139","188"
"杪","0","木","渠","7","4","9","22","86","219"
"杪","1","少","鈔","8","4","91","27","156","210"
"杲","0","日","暹","3","4","47","14","156","88"
"杲","1","木","梨","7","4","3","112","234","138"
"杶","0","木","櫝","0","4","18","14","79","231"
"杶","1","屯","屯","0","0","99","27","139","220"
"杼","0","木","機","0","4","10","22","87","219"
"杼","1","予","予","0","0","91","41","145","199"
"枒","0","木","機","0","4","5","19","91","221"
"枒","1","牙","穿","5","4","92","34","149","205"
"枘","0","木","木","0","0","18","14","79","231"
"枘","1","內","內","0","0","117","27","115","220"
"枲","0","台","飴","8","5","35","15","193","123"
"枲","1","木","桑","6","4","14","150","227","100"
"枳","0","木","休","2","4","18","14","79","231"
"枳","1","只","只","0","0","101","21","139","220"
"枵","0","木","機","0","4","18","14","79","231"
"枵","1","号","號","0","5","88","17","162","221"
"枷","0","木","柵","0","4","9","14","86","219"
"枷","1","加","迦","3","5","87","20","142","220"
"柒","0","氵","漁","0","3","27","19","47","115"
"柒","1","七","七","0","0","70","25","168","101"
"柒","2","木","桑","6","4","2","138","243","108"
"柘","0","木","木","0","0","18","10","82","226"
"柘","1","石","拓","3","5","98","38","143","207"
"柙","0","木","檸","0","4","18","14","79","231"
"柙","1","甲","胛","6","5","123","34","107","202"
"柝","0","木","機","0","4","18","14","79","231"
"柝","1","斥","斥","0","0","90","19","146","230"
"柢","0","木","橘","0","4","18","14","79","231"
"柢","1","氐","氐","0","0","114","21","128","220"
"柰","0","木","休","2","4","9","16","231","105"
"柰","1","示","示","0","0","22","130","216","111"
"柲","0","木","柄","0","4","18","14","79","231"
"柲","1","必","必","0","0","91","17","156","228"
"栖","0","木","柄","0","4","11","21","96","217"
"栖","1","西","迺","3","6","96","35","147","194"
"栱","0","木","機","0","4","15","22","86","219"
"栱","1","共","共","0","0","97","20","139","220"
"桄","0","木","樓","0","4","18","14","79","231"
"桄","1","光","光","0","0","88","13","157","231"
"桎","0","木","渠","7","4","4","35","86","206"
"桎","1","至","至","0","0","91","37","145","203"
"桕","0","木","檸","0","4","18","14","79","231"
"桕","1","臼","臼","0","0","116","19","119","220"
"梏","0","木","機","0","4","15","22","90","219"
"梏","1","告","皓","5","7","96","21","155","220"
"棰","0","木","柄","0","4","18","14","79","231"
"棰","1","垂","錘","8","9","94","20","139","220"
"棱","0","木","機","0","4","14","12","84","236"
"棱","1","夌","綾","6","8","95","20","146","232"
"棼","0","林","琳","4","8","23","17","219","104"
"棼","1","分","忿","0","4","17","112","226","129"
"椇","0","木","休","2","4","8","12","88","231"
"椇","1","具","真","2","8","72","29","181","220"
"椏","0","木","櫝","0","4","18","14","79","231"
"椏","1","亞","啞","3","8","87","40","155","193"
"椑","0","木","棚","0","4","15","22","86","217"
"椑","1","卑","裨","5","8","86","20","154","227"
"椪","0","木","機","0","4","8","14","86","231"
"椪","1","並","並","0","0","98","10","139","220"
"椽","0","木","樓","0","4","16","14","79","231"
"椽","1","彖","蠡","0","9","86","6","149","239"
"椿","0","木","樣","0","4","15","22","86","219"
"椿","1","春","春","0","0","78","20","163","220"
"楂","0","木","機","0","4","16","14","79","231"
"楂","1","查","查","0","0","81","30","168","210"
"楣","0","木","機","0","4","18","18","81","218"
"楣","1","眉","眉","0","0","95","20","141","221"
"榱","0","木","檄","0","4","18","14","79","231"
"榱","1","衰","衰","0","0","91","13","156","228"
"榹","0","木","機","0","4","8","11","79","231"
"榹","1","虒","遞","3","10","77","18","167","226"
"榼","0","木","榭","0","4","22","26","79","206"
"榼","1","盍","嗑","3","10","85","25","159","208"
"槃","0","般","盤","0","10","27","17","205","132"
"槃","1","木","呆","3","4","9","151","226","92"
"槤","0","木","機","0","4","4","14","79","231"
"槤","1","連","連","0","0","78","24","161","220"
"槥","0","木","機","0","4","14","13","79","231"
"槥","1","彗","彗","0","0","92","18","157","222"
"槧","0","斬","塹","0","11","19","19","217","135"
"槧","1","木","桑","6","4","18","151","217","99"
"槫","0","木","木","0","0","8","11","79","231"
"槫","1","專","專","0","0","85","19","161","226"
"槿","0","木","機","0","4","14","14","79","231"
"槿","1","堇","謹","7","11","89","19","145","213"
"樗","0","木","機","0","4","11","7","79","231"
"樗","1","雩","雩","0","0","101","22","144","231"
"樨","0","木","機","0","4","10","7","79","231"
"樨","1","犀","犀","0","0","79","17","160","229"
"橑","0","木","樓","0","4","10","16","80","224"
"橑","1","尞","嘹","3","12","76","19","170","221"
"檯","0","木","機","0","4","4","8","85","236"
"檯","1","臺","臺","0","0","83","11","158","226"
"櫞","0","木","柄","0","4","4","8","85","236"
"櫞","1","緣","緣","0","0","83","14","158","230"
"櫟","0","木","機","0","4","9","26","74","208"
"櫟","1","樂","藥","3","15","80","27","166","211"
"櫨","0","木","櫝","0","4","4","8","85","236"
"櫨","1","盧","蘆","3","16","81","3","158","239"
"櫪","0","木","機","0","4","4","8","85","236"
"櫪","1","歷","歷","0","0","78","21","173","221"
"櫫","0","豬","豬","0","0","22","16","231","140"
"櫫","1","木","梨","7","4","15","153","212","99"
"櫸","0","木","柄","0","4","4","8","85","236"
"櫸","1","舉","舉","0","0","77","15","164","230"
"櫺","0","木","機","0","4","4","8","85","236"
"櫺","1","霝","靈","0","17","85","20","158","212"
"欂","0","木","櫝","0","4","4","8","85","236"
"欂","1","薄","薄","0","0","79","15","164","230"
"欬","0","亥","咳","3","6","18","17","109","214"
"欬","1","欠","吹","3","4","110","13","119","231"
"歃","0","臿","插","3","9","10","23","120","194"
"歃","1","欠","坎","3","4","105","16","144","227"
"歆","0","音","響","11","9","13","21","113","207"
"歆","1","欠","飲","8","4","119","23","121","222"
"歛","0","僉","險","2","13","9","10","140","231"
"歛","1","欠","飲","8","4","129","25","111","219"
"殂","0","歹","死","0","4","13","33","99","203"
"殂","1","且","姐","3","5","88","29","156","200"
"殄","0","歹","殤","0","4","8","32","99","203"
"殄","1","㐱","參","6","5","86","19","156","228"
"殍","0","歹","殤","0","4","13","26","105","212"
"殍","1","孚","俘","2","7","97","20","148","217"
"殛","0","歹","死","0","4","1","25","97","215"
"殛","1","亟","極","4","9","93","27","157","222"
"殞","0","歹","死","0","4","4","25","119","203"
"殞","1","員","圓","3","10","92","15","153","232"
"殪","0","歹","殘","0","4","1","44","99","203"
"殪","1","壹","噎","3","12","98","26","140","218"
"殫","0","歹","死","0","4","1","37","111","203"
"殫","1","單","單","0","0","106","14","135","235"
"殭","0","歹","死","0","4","1","36","111","203"
"殭","1","畺","薑","3","13","97","28","140","209"
"殳","0","几","凡","0","2","27","18","198","94"
"殳","1","又","燮","15","2","24","126","199","120"
"毖","0","比","批","3","4","43","24","192","104"
"毖","1","必","祕","4","5","4","139","237","108"
"毬","0","毛","毯","0","4","3","19","240","228"
"毬","1","求","求","0","0","101","32","140","178"
"氅","0","敞","敞","0","0","17","16","216","121"
"氅","1","毛","毛","0","0","16","144","214","103"
"氈","0","亶","羶","6","13","5","3","132","236"
"氈","1","毛","耗","6","4","128","28","111","223"
"氡","0","气","氧","0","4","17","5","219","235"
"氡","1","冬","冬","0","0","22","106","151","137"
"氰","0","气","氤","0","4","10","7","215","234"
"氰","1","青","清","3","8","33","101","149","137"
"氹","0","乙","乙","0","0","11","36","134","211"
"氹","1","水","冰","2","4","97","15","136","178"
"汆","0","入","入","0","0","16","11","227","100"
"汆","1","水","水","0","0","17","97","212","140"
"汛","0","氵","衍","6","3","14","22","65","203"
"汛","1","卂","訊","7","3","78","37","158","197"
"汜","0","氵","泳","0","3","26","24","55","215"
"汜","1","巳","包","2","3","98","24","142","218"
"汩","0","氵","衍","6","3","14","22","65","203"
"汩","1","曰","曰","0","0","102","35","127","210"
"汴","0","氵","衍","6","3","14","22","65","203"
"汴","1","卞","卞","0","0","85","37","145","207"
"汶","0","氵","泗","0","3","21","16","49","220"
"汶","1","文","蚊","6","4","81","21","174","222"
"沂","0","氵","泡","0","3","29","23","36","207"
"沂","1","斤","斫","5","4","75","10","162","242"
"沆","0","氵","潔","0","3","14","22","65","203"
"沆","1","亢","骯","9","4","82","17","158","224"
"沏","0","氵","泗","0","3","14","22","65","203"
"沏","1","切","切","0","0","75","33","158","211"
"沓","0","水","水","0","0","10","8","229","136"
"沓","1","日","暹","3","4","56","139","141","103"
"沚","0","氵","衍","6","3","14","22","65","203"
"沚","1","止","祉","4","4","67","25","175","202"
"泠","0","氵","泳","0","3","14","22","68","203"
"泠","1","令","冷","2","5","70","11","162","227"
"泫","0","氵","衍","6","3","18","21","67","212"
"泫","1","玄","玄","0","0","86","18","161","214"
"泮","0","氵","瀆","0","3","14","22","60","203"
"泮","1","半","胖","6","5","76","17","169","222"
"泯","0","氵","泳","0","3","18","13","70","225"
"泯","1","民","民","0","0","100","21","139","219"
"泵","0","石","砥","0","5","24","25","191","88"
"泵","1","水","水","0","0","22","115","207","124"
"洄","0","氵","瀆","0","3","13","22","65","222"
"洄","1","回","茴","3","6","94","28","131","215"
"洎","0","氵","衍","6","3","27","24","48","206"
"洎","1","自","臭","0","6","113","26","115","210"
"洒","0","氵","衍","6","3","12","14","72","221"
"洒","1","西","迺","3","6","82","33","160","210"
"洩","0","氵","衍","6","3","13","22","65","222"
"洩","1","曳","曳","0","0","82","20","158","215"
"洮","0","氵","渲","0","3","13","22","65","222"
"洮","1","兆","桃","4","6","68","20","163","231"
"洳","0","氵","淑","0","3","14","28","68","198"
"洳","1","如","如","0","0","75","21","162","213"
"洵","0","氵","衍","6","3","25","20","41","218"
"洵","1","旬","絢","6","6","73","24","165","215"
"浣","0","氵","瀆","0","3","13","22","65","222"
"浣","1","完","院","2","7","79","18","158","228"
"浹","0","氵","潔","0","3","17","22","59","214"
"浹","1","夾","莢","3","7","65","19","164","218"
"涂","0","氵","渲","0","3","14","26","56","198"
"涂","1","余","余","0","0","62","18","164","222"
"涔","0","氵","渲","0","3","13","22","65","222"
"涔","1","岑","岑","0","0","66","20","167","218"
"涪","0","氵","渺","0","3","12","26","61","202"
"涪","1","咅","培","3","8","76","21","172","215"
"涿","0","氵","潦","0","3","12","15","56","226"
"涿","1","豖","啄","3","8","69","28","172","215"
"淀","0","氵","衍","6","3","12","15","56","226"
"淀","1","定","綻","6","8","65","16","172","229"
"淖","0","氵","瀆","0","3","12","15","56","226"
"淖","1","卓","悼","3","8","64","13","172","229"
"淝","0","氵","滲","0","3","12","15","56","226"
"淝","1","肥","肥","0","0","83","20","154","229"
"淦","0","氵","泳","0","3","14","22","68","203"
"淦","1","金","金","0","0","77","26","162","206"
"淬","0","氵","瀆","0","3","12","15","56","226"
"淬","1","卒","卒","0","0","61","17","172","229"
"湄","0","氵","清","0","3","14","32","64","193"
"湄","1","眉","眉","0","0","70","29","169","210"
"溲","0","氵","衍","6","3","12","15","56","226"
"溲","1","叟","餿","8","10","67","20","172","224"
"溽","0","氵","渺","0","3","12","15","56","226"
"溽","1","辱","辱","0","0","63","24","180","215"
"滫","0","氵","渲","0","3","12","15","56","226"
"滫","1","脩","脩","0","0","55","23","183","221"
"滷","0","氵","泅","0","3","20","32","58","203"
"滷","1","鹵","鹼","0","11","85","22","149","223"
"滸","0","氵","渲","0","3","12","15","56","226"
"滸","1","許","許","0","0","75","23","172","213"
"漉","0","氵","潔","0","3","12","15","56","226"
"漉","1","鹿","麝","0","11","67","16","172","227"
"漚","0","氵","瀆","0","3","12","15","56","226"
"漚","1","區","區","0","0","79","29","172","204"
"潁","0","匕","叱","3","2","29","26","88","75"
"潁","1","水","水","0","0","5","108","123","127"
"潁","2","頁","顧","12","9","121","26","128","211"
"潟","0","氵","衍","6","3","23","26","45","202"
"潟","1","舄","寫","3","11","86","22","151","215"
"潢","0","氵","泅","0","3","14","26","65","206"
"潢","1","黃","橫","4","12","78","19","170","213"
"潯","0","氵","瀆","0","3","12","15","56","226"
"潯","1","尋","尋","0","0","65","22","180","220"
"潲","0","氵","泅","0","3","12","15","56","226"
"潲","1","稍","稍","0","0","64","29","172","213"
"澇","0","氵","瀆","0","3","12","15","56","226"
"澇","1","勞","嘮","3","12","73","15","172","228"
"瀲","0","氵","泳","0","3","12","15","56","226"
"瀲","1","斂","斂","0","0","66","12","172","228"
"灕","0","氵","泳","0","3","5","15","56","226"
"灕","1","離","離","0","0","57","25","189","219"
"灩","0","氵","衍","6","3","1","17","56","226"
"灩","1","豔","豔","0","0","55","14","191","220"
"炷","0","火","爛","0","4","10","27","91","215"
"炷","1","主","主","0","0","101","12","131","219"
"烝","0","丞","丞","0","0","30","26","193","178"
"烝","1","灬","熬","10","4","16","199","221","45"
"烯","0","火","燉","0","4","11","18","78","226"
"烯","1","希","稀","5","7","96","14","136","226"
"烷","0","火","燧","0","4","17","18","78","226"
"烷","1","完","院","2","7","96","19","136","226"
"焜","0","火","爛","0","4","17","18","78","226"
"焜","1","昆","混","3","8","114","19","136","226"
"煨","0","火","爛","0","4","10","17","81","213"
"煨","1","畏","喂","3","9","82","26","166","213"
"煲","0","保","保","0","0","14","19","222","129"
"煲","1","火","炳","0","4","22","148","209","99"
"煸","0","火","爛","0","4","19","20","72","210"
"煸","1","扁","扁","0","0","89","22","142","221"
"熠","0","火","火","0","0","14","20","78","226"
"熠","1","習","習","0","0","94","27","136","212"
"燁","0","火","火","0","0","5","18","78","226"
"燁","1","華","嘩","3","12","84","18","151","232"
"燠","0","火","炳","0","4","8","18","78","226"
"燠","1","奧","噢","3","13","77","18","169","226"
"燼","0","火","火","0","0","3","15","78","226"
"燼","1","盡","盡","0","0","74","22","169","216"
"燿","0","火","炳","0","4","7","17","78","226"
"燿","1","翟","戳","0","14","92","23","146","214"
"牁","0","爿","寤","3","4","15","20","71","217"
"牁","1","可","苛","3","5","99","39","144","196"
"牂","0","爿","戕","0","4","20","17","69","221"
"牂","1","羊","羊","0","0","108","23","118","217"
"犗","0","牜","牯","0","4","4","14","96","230"
"犗","1","害","豁","0","10","89","18","158","222"
"犙","0","牜","牴","0","4","4","14","96","230"
"犙","1","參","慘","3","11","85","5","160","241"
"犰","0","犭","獰","0","3","4","14","96","230"
"犰","1","九","旭","0","2","80","16","145","222"
"狁","0","犭","狎","0","3","7","20","96","230"
"狁","1","允","吮","3","4","86","12","154","226"
"狒","0","犭","狎","0","3","8","21","96","230"
"狒","1","弗","費","0","5","88","9","145","237"
"狚","0","犭","狗","0","3","13","21","96","221"
"狚","1","旦","旦","0","0","86","37","160","201"
"狳","0","犭","狎","0","3","2","23","96","230"
"狳","1","余","除","2","7","78","5","161","237"
"猗","0","犭","獰","0","3","7","32","100","208"
"猗","1","奇","奇","0","0","91","22","144","222"
"猝","0","犭","狎","0","3","1","22","96","230"
"猝","1","卒","卒","0","0","83","9","152","245"
"猢","0","犭","狙","0","3","9","21","96","220"
"猢","1","胡","葫","3","9","86","25","145","223"
"猻","0","犭","狎","0","3","1","25","87","230"
"猻","1","孫","孫","0","0","77","13","168","237"
"獒","0","敖","敖","0","0","18","19","215","120"
"獒","1","犬","莽","3","4","8","149","226","91"
"獠","0","犭","狎","0","3","1","25","96","230"
"獠","1","尞","嘹","3","12","76","23","172","225"
"獦","0","犭","猛","0","3","5","17","96","230"
"獦","1","葛","葛","0","0","79","14","166","237"
"獪","0","犭","獰","0","3","3","24","96","216"
"獪","1","會","會","0","0","78","15","160","237"
"獫","0","犭","狎","0","3","1","25","96","230"
"獫","1","僉","險","2","13","82","7","152","237"
"獼","0","犭","狎","0","3","1","25","83","230"
"獼","1","彌","瀰","3","17","80","32","164","217"
"玁","0","犭","狎","0","3","1","23","80","230"
"玁","1","嚴","嚴","0","0","63","22","184","227"
"玕","0","王","噩","0","4","9","34","92","168"
"玕","1","干","干","0","0","102","39","142","206"
"玦","0","王","噩","0","4","6","45","92","146"
"玦","1","夬","缺","6","4","78","11","158","219"
"璀","0","王","王","0","0","4","43","92","156"
"璀","1","崔","崔","0","0","84","19","149","221"
"璇","0","王","噩","0","4","4","42","71","138"
"璇","1","旋","旋","0","0","60","9","187","242"
"璞","0","王","噩","0","4","1","42","92","156"
"璞","1","菐","噗","3","12","82","15","149","221"
"璨","0","王","王","0","0","4","43","92","156"
"璨","1","粲","燦","4","13","89","19","149","221"
"璫","0","王","噩","0","4","8","45","92","156"
"璫","1","當","鐺","8","13","96","20","140","221"
"璵","0","王","噩","0","4","4","43","92","156"
"璵","1","與","與","0","0","79","14","159","221"
"瓨","0","工","式","3","3","4","43","92","156"
"瓨","1","瓦","瓦","0","0","93","26","149","221"
"瓽","0","尚","嘗","0","8","27","16","201","109"
"瓽","1","瓦","甌","11","5","27","146","206","98"
"瓿","0","咅","菩","3","8","4","22","130","200"
"瓿","1","瓦","瓦","0","0","118","35","127","209"
"甂","0","扁","扁","0","0","8","13","113","221"
"甂","1","瓦","瓦","0","0","129","34","118","198"
"甑","0","曾","曾","0","0","21","20","104","206"
"甑","1","瓦","甕","13","5","123","39","113","204"
"甖","0","賏","嬰","0","14","18","22","214","115"
"甖","1","瓦","甄","9","5","18","149","218","93"
"甙","0","弋","代","2","3","24","4","228","230"
"甙","1","甘","坩","3","5","19","94","133","146"
"甪","0","丿","少","3","1","51","14","69","41"
"甪","1","用","用","0","0","22","53","202","192"
"甯","0","宀","宅","0","3","20","18","223","52"
"甯","1","心","慝","10","4","24","52","200","53"
"甯","2","用","佣","2","5","27","130","178","123"
"町","0","田","苗","3","5","26","26","77","171"
"町","1","丁","丁","0","0","117","36","124","199"
"畎","0","田","苗","3","5","22","31","77","179"
"畎","1","犬","伏","2","4","92","23","147","214"
"畛","0","田","苗","3","5","17","38","77","175"
"畛","1","㐱","趁","7","5","99","16","137","226"
"畷","0","田","苗","3","5","17","38","77","175"
"畷","1","叕","綴","6","8","97","25","137","226"
"疕","0","疒","疝","0","5","15","22","218","215"
"疕","1","匕","叱","3","2","105","64","128","173"
"疣","0","疒","癬","0","5","15","17","228","218"
"疣","1","尤","尤","0","0","57","67","164","169"
"疸","0","疒","癬","0","5","13","18","228","219"
"疸","1","旦","旦","0","0","62","81","181","158"
"疻","0","疒","疤","0","5","14","20","228","225"
"疻","1","只","只","0","0","72","84","155","159"
"痀","0","疒","疥","0","5","14","20","228","221"
"痀","1","句","苟","3","5","62","61","168","178"
"痂","0","疒","疤","0","5","16","22","228","218"
"痂","1","加","迦","3","5","64","64","174","178"
"痍","0","疒","癬","0","5","9","14","235","233"
"痍","1","夷","胰","6","6","53","51","179","195"
"痏","0","疒","疤","0","5","15","15","228","226"
"痏","1","有","有","0","0","57","55","176","178"
"痠","0","疒","癬","0","5","15","16","218","221"
"痠","1","夋","浚","3","7","63","58","157","182"
"痤","0","疒","癬","0","5","14","16","228","222"
"痤","1","坐","銼","8","7","61","55","176","178"
"痧","0","疒","疤","0","5","14","16","228","222"
"痧","1","沙","莎","3","7","68","60","176","178"
"痼","0","疒","疥","0","5","13","17","228","211"
"痼","1","固","固","0","0","82","75","146","173"
"痾","0","疒","癲","0","5","14","16","228","222"
"痾","1","阿","啊","3","8","79","68","167","175"
"瘈","0","疒","癬","0","5","13","17","228","211"
"瘈","1","契","契","0","0","61","60","173","188"
"瘕","0","疒","癲","0","5","15","16","218","221"
"瘕","1","叚","遐","3","9","74","69","157","170"
"瘚","0","疒","癬","0","5","15","16","218","221"
"瘚","1","欮","厥","2","10","68","65","175","182"
"瘢","0","疒","癲","0","5","15","11","233","235"
"瘢","1","般","磐","0","10","66","55","172","180"
"瘲","0","疒","癲","0","5","14","16","228","229"
"瘲","1","從","從","0","0","52","57","176","189"
"瘻","0","疒","癲","0","5","15","11","233","235"
"瘻","1","婁","髏","9","11","66","52","172","180"
"癃","0","疒","癩","0","5","15","16","218","221"
"癃","1","隆","隆","0","0","72","61","157","169"
"癇","0","疒","瘧","0","5","13","12","228","222"
"癇","1","閒","閒","0","0","78","67","152","169"
"癈","0","疒","癩","0","5","14","16","228","222"
"癈","1","發","潑","3","12","64","60","176","178"
"癉","0","疒","疝","0","5","13","17","228","211"
"癉","1","單","單","0","0","68","67","173","179"
"癟","0","疒","疝","0","5","7","10","238","226"
"癟","1","自","息","0","6","90","46","110","87"
"癟","2","侖","侖","0","0","49","133","185","102"
"癤","0","疒","瘧","0","5","4","10","233","235"
"癤","1","節","節","0","0","67","55","167","187"
"皁","0","白","迫","3","5","62","18","144","115"
"皁","1","十","卒","6","2","16","133","227","122"
"皙","0","析","淅","3","8","21","19","226","113"
"皙","1","白","皇","0","5","59","133","146","107"
"皤","0","白","迫","3","5","20","25","55","164"
"皤","1","番","蕃","3","12","79","23","166","209"
"皸","0","軍","軍","0","0","13","18","110","218"
"皸","1","皮","披","3","5","123","22","112","222"
"盅","0","中","衷","6","4","48","15","154","140"
"盅","1","皿","盍","5","5","17","160","227","74"
"盱","0","目","苜","3","5","27","29","56","189"
"盱","1","于","芋","3","3","98","34","148","207"
"眇","0","目","苜","3","5","22","36","56","181"
"眇","1","少","炒","4","4","85","23","152","232"
"眈","0","目","苜","3","5","20","32","49","185"
"眈","1","冘","耽","6","4","81","18","159","221"
"眥","0","此","柴","0","6","16","9","216","95"
"眥","1","目","苜","3","5","61","121","137","117"
"眵","0","目","苜","3","5","26","35","56","186"
"眵","1","多","多","0","0","91","12","149","225"
"睇","0","目","苜","3","5","26","35","56","186"
"睇","1","弟","銻","8","7","98","10","135","218"
"睚","0","目","苜","3","5","12","33","56","186"
"睚","1","厓","涯","3","8","83","26","161","218"
"瞅","0","目","苜","3","5","11","31","56","186"
"瞅","1","秋","秋","0","0","70","16","173","238"
"瞋","0","目","苜","3","5","20","31","56","186"
"瞋","1","真","慎","3","10","80","8","155","238"
"瞼","0","目","苜","3","5","13","37","56","186"
"瞼","1","僉","殮","4","13","78","9","155","232"
"矍","0","瞿","衢","6","18","15","20","226","149"
"矍","1","又","又","0","0","33","183","202","57"
"矬","0","矢","短","0","5","7","13","94","231"
"矬","1","坐","銼","8","7","105","9","127","230"
"矻","0","石","石","0","0","15","32","88","185"
"矻","1","乞","訖","7","3","96","15","140","225"
"砒","0","石","碼","0","5","15","32","88","185"
"砒","1","比","比","0","0","115","29","128","219"
"砢","0","石","石","0","0","15","32","88","185"
"砢","1","可","苛","3","5","90","31","152","207"
"硅","0","石","石","0","0","15","32","88","185"
"硅","1","圭","畦","5","6","98","24","140","207"
"硟","0","石","拓","3","5","15","32","88","185"
"硟","1","延","涎","3","8","95","18","140","227"
"碇","0","石","碾","0","5","15","32","88","185"
"碇","1","定","錠","8","8","94","18","140","218"
"碓","0","石","石","0","0","14","39","80","175"
"碓","1","隹","崔","3","8","98","19","142","220"
"碡","0","石","碗","0","5","15","32","88","185"
"碡","1","毒","毒","0","0","96","16","148","227"
"碴","0","石","石","0","0","1","41","88","185"
"碴","1","查","查","0","0","90","30","140","211"
"磑","0","石","石","0","0","15","32","88","185"
"磑","1","豈","皚","5","10","94","23","140","216"
"磣","0","石","石","0","0","1","32","88","185"
"磣","1","參","參","0","0","90","14","153","233"
"礜","0","與","舉","0","14","4","13","249","146"
"礜","1","石","磷","0","5","29","152","178","85"
"礴","0","石","碼","0","5","8","31","88","185"
"礴","1","薄","薄","0","0","93","22","158","217"
"祛","0","礻","祚","0","4","4","9","88","237"
"祛","1","去","劫","0","5","100","19","140","220"
"秈","0","禾","乘","0","5","5","18","103","219"
"秈","1","山","山","0","0","116","12","117","223"
"秔","0","禾","移","0","5","1","14","112","223"
"秔","1","亢","骯","9","4","96","18","145","223"
"秘","0","禾","種","0","5","14","15","97","236"
"秘","1","必","必","0","0","100","23","148","221"
"秫","0","禾","利","0","5","3","19","112","223"
"秫","1","朮","怵","3","5","104","22","146","220"
"稗","0","禾","禾","0","0","8","18","86","217"
"稗","1","卑","卑","0","0","86","19","165","218"
"稞","0","禾","乘","0","5","8","18","86","217"
"稞","1","果","裹","6","8","86","19","165","218"
"穠","0","禾","乘","0","5","1","20","93","223"
"穠","1","農","噥","3","13","81","15","154","227"
"窣","0","穴","穴","0","0","19","16","206","81"
"窣","1","卒","卒","0","0","19","80","210","167"
"窳","0","穴","帘","0","5","10","29","225","72"
"窳","1","瓜","弧","3","5","2","115","118","122"
"窳","2","瓜","孤","3","5","115","114","124","124"
"窸","0","穴","窘","0","5","22","17","207","77"
"窸","1","悉","悉","0","0","22","88","201","152"
"窿","0","穴","窄","0","5","22","17","207","77"
"窿","1","隆","隆","0","0","29","87","201","152"
"竦","0","立","翌","6","5","9","5","111","195"
"竦","1","束","辣","7","7","90","14","148","233"
"籽","0","米","迷","3","6","6","13","110","227"
"籽","1","子","孕","2","3","113","29","127","210"
"粑","0","米","迷","3","6","6","13","110","227"
"粑","1","巴","肥","6","4","125","33","114","213"
"粕","0","米","迷","3","6","6","13","110","227"
"粕","1","白","迫","3","5","132","17","103","226"
"粘","0","米","迷","3","6","10","18","112","222"
"粘","1","占","占","0","0","122","23","120","211"
"粿","0","米","迷","3","6","6","13","110","227"
"粿","1","果","裹","6","8","111","20","127","226"
"糌","0","米","迷","3","6","8","11","93","227"
"糌","1","昝","偺","2","9","89","11","147","226"
"糗","0","米","迷","3","6","8","16","93","227"
"糗","1","臭","嗅","3","10","94","21","147","226"
"糝","0","米","迷","3","6","5","19","97","226"
"糝","1","參","參","0","0","90","21","158","223"
"糨","0","米","迷","3","6","8","11","93","227"
"糨","1","強","強","0","0","101","21","147","226"
"糰","0","米","迷","3","6","8","19","93","227"
"糰","1","團","團","0","0","100","24","136","226"
"糴","0","入","全","0","2","21","11","106","75"
"糴","1","米","粉","0","6","20","80","101","157"
"糴","2","翟","翟","0","0","110","20","120","214"
"糶","0","出","茁","3","5","29","8","78","94"
"糶","1","米","迷","3","6","13","118","98","124"
"糶","2","翟","濯","3","14","116","20","127","223"
"紃","0","糹","結","0","6","14","20","99","218"
"紃","1","川","甽","5","3","104","36","130","207"
"紆","0","糹","結","0","6","19","28","82","206"
"紆","1","于","宇","3","3","98","48","143","187"
"紈","0","糹","紼","0","6","14","20","99","218"
"紈","1","丸","丸","0","0","97","16","130","225"
"紓","0","糹","結","0","6","14","20","99","218"
"紓","1","予","序","3","4","104","29","130","207"
"紬","0","糹","結","0","6","19","28","82","206"
"紬","1","由","妯","3","5","120","22","113","213"
"紱","0","糹","紼","0","6","10","20","99","218"
"紱","1","犮","拔","3","5","100","26","130","207"
"紵","0","糹","結","0","6","6","16","99","218"
"紵","1","宁","佇","2","5","104","14","130","223"
"紺","0","糹","紼","0","6","14","20","99","218"
"紺","1","甘","蚶","6","5","98","29","148","199"
"絛","0","攸","倏","0","7","9","20","234","227"
"絛","1","糸","紊","4","6","86","114","148","132"
"絝","0","糹","紼","0","6","14","20","99","218"
"絝","1","夸","垮","3","6","96","12","155","237"
"絥","0","糹","紼","0","6","1","22","99","218"
"絥","1","伏","伏","0","0","79","17","153","227"
"絪","0","糹","紐","0","6","1","19","99","218"
"絪","1","因","茵","3","6","112","31","118","214"
"絳","0","糹","紼","0","6","7","18","99","218"
"絳","1","夅","降","2","6","100","16","143","214"
"綈","0","糹","結","0","6","19","28","82","206"
"綈","1","弟","涕","3","7","98","29","139","213"
"綌","0","糹","結","0","6","3","20","99","218"
"綌","1","谷","豁","10","7","95","30","153","207"
"綟","0","糹","結","0","6","14","22","79","204"
"綟","1","戾","淚","3","8","84","18","159","222"
"綣","0","糹","終","0","6","14","18","84","218"
"綣","1","卷","捲","3","8","92","20","145","217"
"綬","0","糹","紼","0","6","9","18","99","218"
"綬","1","受","授","3","8","100","19","141","218"
"綹","0","糹","結","0","6","18","24","74","210"
"綹","1","咎","咎","0","0","90","21","147","218"
"緋","0","糹","紼","0","6","9","18","99","218"
"緋","1","非","徘","3","8","100","26","141","218"
"緲","0","糹","紼","0","6","9","18","81","218"
"緲","1","眇","渺","3","9","100","21","148","218"
"緷","0","糹","纖","0","6","9","18","81","218"
"緷","1","軍","渾","3","9","100","17","147","230"
"緹","0","糹","結","0","6","10","15","84","222"
"緹","1","是","提","3","9","83","26","163","212"
"縉","0","糹","結","0","6","17","19","81","218"
"縉","1","晉","晉","0","0","101","25","141","213"
"縋","0","糹","紐","0","6","17","19","81","218"
"縋","1","追","追","0","0","97","20","142","229"
"縌","0","糹","紗","0","6","17","19","81","218"
"縌","1","逆","逆","0","0","89","18","153","226"
"縐","0","糹","纖","0","6","17","19","81","218"
"縐","1","芻","芻","0","0","98","27","140","213"
"縝","0","糹","結","0","6","17","19","81","218"
"縝","1","真","滇","3","10","93","27","156","213"
"縟","0","糹","結","0","6","17","19","81","218"
"縟","1","辱","辱","0","0","93","27","149","213"
"縳","0","糹","結","0","6","17","19","81","218"
"縳","1","專","專","0","0","98","16","151","230"
"縴","0","糹","結","0","6","17","19","81","218"
"縴","1","牽","牽","0","0","93","25","150","224"
"縵","0","糹","結","0","6","8","19","84","222"
"縵","1","曼","漫","3","11","98","20","150","222"
"縹","0","糹","纖","0","6","11","19","81","219"
"縹","1","票","票","0","0","87","29","158","210"
"繎","0","糹","納","0","6","13","19","81","218"
"繎","1","然","然","0","0","101","20","140","221"
"繒","0","糹","纖","0","6","16","26","79","214"
"繒","1","曾","贈","7","12","103","14","133","220"
"繘","0","糹","經","0","6","11","14","81","213"
"繘","1","矞","譎","7","12","87","15","155","221"
"繢","0","糹","結","0","6","30","30","51","205"
"繢","1","貴","貴","0","0","97","23","135","216"
"繯","0","糹","纜","0","6","18","19","76","216"
"繯","1","睘","環","4","13","90","29","156","222"
"繳","0","糹","結","0","6","3","18","81","218"
"繳","1","敫","檄","4","13","81","19","166","221"
"繾","0","糹","結","0","6","2","23","81","218"
"繾","1","遣","遣","0","0","86","34","149","221"
"纍","0","畾","壘","0","15","32","16","197","114"
"纍","1","糸","紊","4","6","12","129","222","117"
"纑","0","糹","紇","0","6","1","12","81","218"
"纑","1","盧","驢","10","16","89","10","149","232"
"纛","0","毒","毒","0","0","25","18","224","108"
"纛","1","縣","縣","0","0","23","128","217","117"
"罋","0","雍","甕","0","13","19","21","230","138"
"罋","1","缶","缶","0","0","27","154","209","85"
"罌","0","賏","嬰","0","14","13","25","222","111"
"罌","1","缶","缶","0","0","16","136","217","93"
"羖","0","羊","羊","0","0","18","16","106","237"
"羖","1","殳","役","3","4","105","25","134","217"
"羝","0","羊","羊","0","0","2","14","106","237"
"羝","1","氐","抵","3","5","117","28","121","217"
"羠","0","羊","羊","0","0","5","10","106","237"
"羠","1","夷","胰","6","6","94","20","134","218"
"羭","0","羊","羊","0","0","14","15","86","237"
"羭","1","俞","愈","0","9","81","10","162","235"
"羼","0","尸","尾","0","3","1","1","217","213"
"羼","1","羊","羊","0","0","55","62","170","84"
"羼","2","羊","羊","0","0","42","132","100","109"
"羼","3","羊","羊","0","0","144","137","93","103"
"翊","0","立","翌","6","5","6","10","106","192"
"翊","1","羽","羽","0","0","105","27","134","217"
"耄","0","老","老","0","0","13","26","227","105"
"耄","1","毛","毽","0","4","16","131","222","104"
"耋","0","老","耆","0","6","17","18","219","109"
"耋","1","至","至","0","0","19","133","214","104"
"耨","0","耒","耒","0","0","4","19","103","230"
"耨","1","辱","辱","0","0","106","26","142","219"
"耵","0","耳","聱","10","6","10","32","112","202"
"耵","1","丁","丁","0","0","118","35","116","200"
"耷","0","大","奩","0","3","6","9","244","93"
"耷","1","耳","聾","16","6","26","105","203","141"
"聵","0","耳","聱","10","6","7","32","112","203"
"聵","1","貴","貴","0","0","100","22","146","233"
"聹","0","耳","聱","10","6","1","40","112","203"
"聹","1","寧","寧","0","0","95","22","150","221"
"肽","0","月","明","4","4","31","24","57","220"
"肽","1","太","太","0","0","87","22","144","223"
"胂","0","肉","臍","0","6","31","24","57","220"
"胂","1","申","暢","0","5","115","17","119","223"
"胗","0","肉","臍","0","6","31","24","57","220"
"胗","1","㐱","趁","7","5","96","14","144","223"
"胝","0","肉","臍","0","6","31","24","57","220"
"胝","1","氐","抵","3","5","111","21","134","223"
"胯","0","肉","臍","0","6","27","24","57","220"
"胯","1","夸","垮","3","6","93","14","144","231"
"胺","0","肉","腑","0","6","25","25","57","220"
"胺","1","安","安","0","0","86","18","152","223"
"胼","0","肉","臍","0","6","31","24","57","220"
"胼","1","并","并","0","0","104","21","144","223"
"脛","0","肉","膾","0","6","30","30","51","205"
"脛","1","巠","經","6","7","89","29","161","206"
"腊","0","肉","臍","0","6","29","26","57","220"
"腊","1","昔","鵲","0","8","97","18","144","223"
"腌","0","肉","臍","0","6","29","26","57","220"
"腌","1","奄","奄","0","0","87","17","144","223"
"腢","0","肉","臍","0","6","29","26","57","220"
"腢","1","禺","萬","3","9","107","26","144","223"
"腨","0","肉","膳","0","6","29","26","57","220"
"腨","1","耑","端","5","9","100","21","144","223"
"腩","0","肉","臍","0","6","29","26","57","220"
"腩","1","南","南","0","0","95","25","144","223"
"腴","0","肉","臍","0","6","29","26","57","220"
"腴","1","臾","臾","0","0","87","25","144","223"
"膂","0","旅","旅","0","0","9","11","234","123"
"膂","1","肉","腑","0","6","61","143","144","105"
"膍","0","肉","臍","0","6","29","26","57","220"
"膍","1","囟","媲","3","6","115","25","115","107"
"膍","2","比","皆","0","4","110","139","127","105"
"膘","0","肉","腑","0","6","29","26","57","220"
"膘","1","票","票","0","0","99","24","144","223"
"膹","0","肉","臍","0","6","29","26","57","220"
"膹","1","賁","賁","0","0","87","25","144","223"
"臊","0","肉","肪","0","6","29","14","47","220"
"臊","1","喿","噪","3","13","89","19","160","223"
"臢","0","肉","膳","0","6","23","23","47","220"
"臢","1","贊","贊","0","0","86","21","157","223"
"舴","0","舟","舟","0","0","12","4","105","233"
"舴","1","乍","咋","3","5","113","21","132","221"
"艋","0","舟","舟","0","0","6","9","105","233"
"艋","1","孟","孟","0","0","104","25","132","198"
"艫","0","舟","舟","0","0","14","6","76","233"
"艫","1","盧","蘆","3","16","89","1","149","238"
"芊","0","艹","茲","0","3","25","17","213","51"
"芊","1","千","千","0","0","20","78","219","172"
"芎","0","艹","萌","0","3","25","16","213","58"
"芎","1","弓","弓","0","0","36","86","192","158"
"芡","0","艹","蓀","0","3","20","15","211","53"
"芡","1","欠","吹","3","4","1","59","247","193"
"芩","0","艹","蒜","0","3","20","15","211","53"
"芩","1","今","含","0","4","10","67","225","178"
"芪","0","艹","賁","2","3","22","13","213","67"
"芪","1","氏","氏","0","0","44","84","180","162"
"芫","0","艹","萌","0","3","20","15","211","53"
"芫","1","元","玩","4","4","18","87","228","163"
"芮","0","艹","萌","0","3","20","15","211","53"
"芮","1","內","鈉","8","4","40","64","178","183"
"芯","0","艹","菌","0","3","13","22","231","57"
"芯","1","心","慝","10","4","12","93","225","141"
"芷","0","艹","茲","0","3","15","25","227","59"
"芷","1","止","正","1","4","15","87","226","152"
"芸","0","艹","萌","0","3","20","20","226","61"
"芸","1","云","云","0","0","16","101","225","137"
"苕","0","艹","茲","0","3","19","18","222","55"
"苕","1","召","召","0","0","36","84","170","164"
"苡","0","艹","茲","0","3","22","13","213","67"
"苡","1","以","以","0","0","45","88","184","150"
"苯","0","艹","茁","0","3","22","13","213","67"
"苯","1","本","本","0","0","20","60","209","180"
"苷","0","艹","萌","0","3","22","13","213","67"
"苷","1","甘","疳","5","5","22","77","209","170"
"苻","0","艹","茲","0","3","26","15","204","55"
"苻","1","付","付","0","0","5","65","246","176"
"茈","0","艹","菌","0","3","25","22","217","51"
"茈","1","此","紫","0","6","13","82","234","159"
"茌","0","艹","茲","0","3","26","15","204","55"
"茌","1","仕","仕","0","0","16","76","217","170"
"茜","0","艹","蒜","0","3","24","16","217","51"
"茜","1","西","迺","3","6","23","88","217","152"
"茨","0","艹","茲","0","3","22","13","213","67"
"茨","1","次","次","0","0","32","69","209","180"
"茬","0","艹","菌","0","3","22","13","213","67"
"茬","1","在","在","0","0","23","67","209","180"
"茭","0","艹","茁","0","3","22","13","213","67"
"茭","1","交","蛟","6","6","17","66","209","180"
"茯","0","艹","萌","0","3","24","16","217","51"
"茯","1","伏","伏","0","0","13","75","208","168"
"茼","0","艹","茲","0","3","14","9","213","67"
"茼","1","同","同","0","0","45","75","174","164"
"荃","0","艹","茁","0","3","13","27","225","52"
"荃","1","全","全","0","0","23","71","220","168"
"荇","0","艹","茲","0","3","22","13","213","67"
"荇","1","行","行","0","0","23","71","209","180"
"荽","0","艹","茲","0","3","17","12","223","55"
"荽","1","妥","妥","0","0","19","68","219","171"
"莆","0","艹","茲","0","3","12","24","230","47"
"莆","1","甫","圃","3","7","24","54","212","186"
"莝","0","艹","萌","0","3","17","12","223","55"
"莝","1","坐","挫","3","7","17","66","216","174"
"莧","0","艹","茲","0","3","12","14","230","52"
"莧","1","見","現","4","7","18","80","215","174"
"菀","0","艹","茲","0","3","11","15","229","55"
"菀","1","宛","豌","7","8","1","62","232","193"
"菇","0","艹","茲","0","3","22","16","217","52"
"菇","1","姑","姑","0","0","19","66","222","183"
"菔","0","艹","茲","0","3","22","16","217","52"
"菔","1","服","服","0","0","28","73","188","166"
"菕","0","艹","萌","0","3","22","16","217","52"
"菕","1","侖","侖","0","0","14","57","222","183"
"菖","0","艹","茲","0","3","18","15","221","50"
"菖","1","昌","倡","2","8","37","75","179","163"
"菟","0","艹","蒞","0","3","16","14","223","51"
"菟","1","兔","兔","0","0","15","68","230","175"
"菡","0","艹","茲","0","3","26","15","204","51"
"菡","1","函","函","0","0","32","77","189","158"
"萇","0","艹","茲","0","3","19","9","217","52"
"萇","1","長","長","0","0","15","78","222","162"
"萏","0","艹","萌","0","3","22","16","217","52"
"萏","1","臽","焰","4","8","12","63","201","183"
"萑","0","艹","茲","0","3","26","15","204","51"
"萑","1","隹","雀","3","8","16","60","214","179"
"萭","0","艹","萌","0","3","22","16","217","52"
"萭","1","禹","禹","0","0","32","63","186","183"
"葚","0","艹","茲","0","3","22","16","217","52"
"葚","1","甚","甚","0","0","24","67","215","175"
"葭","0","艹","蓀","0","3","15","9","229","62"
"葭","1","叚","霞","8","9","29","86","207","153"
"葳","0","艹","萌","0","3","22","16","217","52"
"葳","1","威","威","0","0","1","50","244","199"
"葺","0","艹","茲","0","3","18","15","221","50"
"葺","1","咠","楫","4","9","22","72","226","172"
"蒡","0","艹","菌","0","3","22","16","217","52"
"蒡","1","旁","磅","5","10","10","61","222","183"
"蒯","0","艹","菌","0","3","21","11","140","57"
"蒯","1","朋","硼","5","8","17","81","139","158"
"蒯","2","刂","釗","8","2","186","20","40","215"
"蒺","0","艹","茲","0","3","22","16","217","52"
"蒺","1","疾","嫉","3","10","9","62","222","183"
"蒻","0","艹","茲","0","3","22","16","217","52"
"蒻","1","弱","溺","3","10","21","72","201","162"
"蓏","0","艹","菌","0","3","22","16","217","52"
"蓏","1","瓜","呱","3","5","18","70","110","159"
"蓏","2","瓜","孤","3","5","103","64","127","177"
"蓼","0","艹","芥","0","3","26","11","204","51"
"蓼","1","翏","寥","3","11","19","67","213","184"
"蓽","0","艹","茲","0","3","18","15","221","50"
"蓽","1","畢","畢","0","0","20","71","205","175"
"蔦","0","艹","茲","0","3","22","16","217","52"
"蔦","1","鳥","鴨","5","11","29","59","194","183"
"蔻","0","艹","萌","0","3","22","16","217","52"
"蔻","1","寇","寇","0","0","18","58","222","183"
"蕁","0","艹","芥","0","3","26","15","204","51"
"蕁","1","尋","尋","0","0","16","66","226","172"
"蕎","0","艹","茁","0","3","22","16","217","52"
"蕎","1","喬","轎","7","12","18","65","212","183"
"蕒","0","艹","茲","0","3","22","16","217","52"
"蕒","1","買","買","0","0","23","64","197","183"
"蕓","0","艹","茲","0","3","22","16","217","52"
"蕓","1","雲","雲","0","0","33","66","196","173"
"蕕","0","艹","茲","0","3","22","16","217","52"
"蕕","1","猶","猶","0","0","14","63","222","183"
"蕖","0","艹","茲","0","3","22","16","217","52"
"蕖","1","渠","渠","0","0","9","62","222","183"
"蕡","0","艹","芥","0","3","22","16","217","52"
"蕡","1","賁","噴","3","12","15","57","222","188"
"蕻","0","艹","茲","0","3","22","16","217","52"
"蕻","1","镸","套","3","7","9","75","108","150"
"蕻","2","共","共","0","0","106","72","137","173"
"薈","0","艹","茁","0","3","22","16","217","52"
"薈","1","會","會","0","0","16","48","222","193"
"薌","0","艹","茲","0","3","22","16","217","52"
"薌","1","鄉","響","0","12","20","62","222","183"
"薏","0","艹","芥","0","3","22","16","217","52"
"薏","1","意","意","0","0","12","57","222","183"
"薤","0","艹","茲","0","3","22","16","217","52"
"薤","1","歹","死","0","4","1","87","110","151"
"薤","2","韭","韭","0","0","96","69","130","162"
"薴","0","艹","茲","0","3","22","16","217","52"
"薴","1","寧","擰","3","14","15","56","222","191"
"薹","0","艹","芥","0","3","22","16","217","52"
"薹","1","臺","臺","0","0","13","52","222","190"
"薺","0","艹","菌","0","3","22","16","217","52"
"薺","1","齊","擠","3","14","17","51","222","199"
"藎","0","艹","茲","0","3","22","16","217","52"
"藎","1","盡","盡","0","0","15","62","222","183"
"藜","0","艹","芥","0","3","26","15","204","51"
"藜","1","黎","黎","0","0","16","68","219","171"
"藭","0","艹","茲","0","3","22","16","217","52"
"藭","1","窮","窮","0","0","30","59","197","183"
"蘘","0","艹","萌","0","3","23","6","217","52"
"蘘","1","襄","嚷","3","17","18","50","226","197"
"蘥","0","艹","萌","0","3","10","11","234","51"
"蘥","1","龠","鑰","8","17","25","49","214","195"
"虯","0","虫","蛙","0","6","21","19","103","221"
"虯","1","丩","糾","6","2","151","24","67","213"
"虺","0","兀","兀","0","0","6","42","241","210"
"虺","1","虫","蝕","8","6","110","28","130","190"
"蚍","0","虫","虹","0","6","13","21","83","223"
"蚍","1","比","仳","2","4","119","22","117","222"
"蚜","0","虫","虫","0","0","16","31","89","197"
"蚜","1","牙","呀","3","4","88","37","155","208"
"蛉","0","虫","蛇","0","6","16","38","89","196"
"蛉","1","令","零","8","5","90","16","146","218"
"蛐","0","虫","虫","0","0","16","40","84","203"
"蛐","1","曲","曲","0","0","120","26","112","212"
"蜆","0","虫","虫","0","0","19","27","91","204"
"蜆","1","見","現","4","7","91","32","150","216"
"蜉","0","虫","蚊","0","6","14","24","97","214"
"蜉","1","孚","俘","2","7","99","23","148","220"
"蜊","0","虫","虫","0","0","16","23","81","214"
"蜊","1","利","莉","3","7","85","15","143","230"
"蜋","0","虫","虫","0","0","20","31","86","204"
"蜋","1","良","良","0","0","119","18","120","221"
"蜍","0","虫","蛭","0","6","14","28","86","203"
"蜍","1","余","荼","3","7","89","12","147","232"
"蜒","0","虫","蚊","0","6","14","22","79","204"
"蜒","1","延","涎","3","8","84","34","153","207"
"蜚","0","非","啡","3","8","15","28","226","98"
"蜚","1","虫","虫","0","0","34","126","202","112"
"蜡","0","虫","蜂","0","6","15","23","88","205"
"蜡","1","昔","錯","8","8","99","17","153","223"
"蜩","0","虫","蚊","0","6","20","22","88","196"
"蜩","1","周","週","3","8","100","20","135","218"
"蜷","0","虫","虫","0","0","14","34","85","195"
"蜷","1","卷","卷","0","0","88","11","153","239"
"蝓","0","虫","虹","0","6","16","23","78","209"
"蝓","1","俞","俞","0","0","94","16","143","229"
"蝟","0","虫","虫","0","0","19","30","95","203"
"蝟","1","胃","謂","7","9","125","19","111","227"
"蝣","0","虫","蛀","0","6","12","14","80","199"
"蝣","1","斿","遊","3","9","80","7","165","234"
"蝮","0","虫","蚊","0","6","17","29","88","201"
"蝮","1","复","馥","9","9","97","11","147","234"
"蝲","0","虫","蚌","0","6","14","24","81","199"
"蝲","1","剌","喇","3","9","85","20","149","226"
"螄","0","虫","虹","0","6","12","28","72","200"
"螄","1","師","師","0","0","96","22","150","224"
"螅","0","虫","蜂","0","6","21","24","80","200"
"螅","1","息","息","0","0","97","31","149","214"
"螽","0","冬","冬","0","0","17","22","221","125"
"螽","1","虫","虫","0","0","20","136","103","104"
"螽","2","虫","蝕","8","6","135","139","103","99"
"蟄","0","執","執","0","0","10","23","238","119"
"蟄","1","虫","虫","0","0","27","145","201","90"
"蟠","0","虫","蜂","0","6","15","26","81","198"
"蟠","1","番","鄱","0","12","84","19","161","219"
"蟪","0","虫","蛭","0","6","24","26","79","194"
"蟪","1","惠","惠","0","0","98","25","144","212"
"蟾","0","虫","蛙","0","6","15","29","84","195"
"蟾","1","詹","詹","0","0","89","6","148","229"
"蠆","0","萬","萬","0","0","16","19","227","144"
"蠆","1","虫","蛭","0","6","37","163","200","79"
"蠊","0","虫","蛋","5","6","10","22","80","200"
"蠊","1","廉","濂","3","13","81","12","158","236"
"衊","0","血","血","0","0","16","21","88","170"
"衊","1","蔑","蔑","0","0","90","12","153","241"
"衕","0","行","行","0","0","5","20","229","220"
"衕","1","同","同","0","0","87","22","78","197"
"衚","0","行","行","0","0","5","20","229","220"
"衚","1","胡","葫","3","9","66","20","105","209"
"衲","0","衤","裨","0","5","1","25","88","222"
"衲","1","內","內","0","0","113","18","114","218"
"衽","0","衤","複","0","5","10","16","86","226"
"衽","1","壬","壬","0","0","92","33","145","193"
"衿","0","衤","衫","0","5","10","15","88","222"
"衿","1","今","岑","3","4","101","14","138","222"
"袢","0","衤","袍","0","5","12","20","78","215"
"袢","1","半","半","0","0","101","21","141","219"
"袤","0","衣","哀","0","6","1","1","233","254"
"袤","1","矛","茅","3","5","17","58","195","85"
"袷","0","衤","衫","0","5","16","18","73","215"
"袷","1","合","合","0","0","86","21","163","216"
"裎","0","衤","複","0","5","11","28","78","215"
"裎","1","呈","逞","3","7","91","32","152","203"
"裱","0","衤","複","0","5","11","25","78","215"
"裱","1","表","婊","3","8","96","31","145","219"
"褕","0","衤","複","0","5","7","20","84","220"
"褕","1","俞","俞","0","0","89","19","148","228"
"襁","0","衤","複","0","5","2","17","73","220"
"襁","1","強","強","0","0","84","26","159","217"
"襐","0","衤","袍","0","5","5","18","78","221"
"襐","1","象","豫","4","12","84","8","160","246"
"襜","0","衤","複","0","5","4","20","78","215"
"襜","1","詹","澹","3","13","73","7","166","235"
"襦","0","衤","複","0","5","9","18","78","223"
"襦","1","需","嚅","3","14","94","28","147","218"
"襬","0","衤","衫","0","5","8","19","73","218"
"襬","1","罷","罷","0","0","87","27","156","215"
"覷","0","虛","虛","0","0","13","19","130","215"
"覷","1","見","覦","9","7","131","33","110","202"
"觔","0","角","觸","0","7","13","16","95","218"
"觔","1","力","勸","17","2","115","26","118","213"
"觚","0","角","觸","0","7","11","20","95","228"
"觚","1","瓜","弧","3","5","103","23","140","229"
"觜","0","此","些","0","6","15","12","220","76"
"觜","1","角","觸","0","7","27","101","184","150"
"觥","0","角","解","0","7","13","16","97","221"
"觥","1","光","胱","6","6","117","22","130","223"
"訇","0","勹","勿","0","2","25","17","214","231"
"訇","1","言","辯","7","7","51","48","151","179"
"訑","0","訁","註","0","7","14","29","90","205"
"訑","1","也","地","3","3","98","19","145","226"
"詎","0","訁","註","0","7","12","23","91","212"
"詎","1","巨","苣","3","5","125","35","122","200"
"詗","0","訁","訃","0","7","17","26","87","202"
"詗","1","冋","迥","3","5","122","21","110","222"
"詡","0","訁","訝","0","7","11","15","88","218"
"詡","1","羽","扇","4","6","101","34","131","199"
"誄","0","訁","訂","0","7","10","21","88","218"
"誄","1","耒","耒","0","0","94","19","141","219"
"誆","0","訁","護","0","7","11","24","80","218"
"誆","1","匡","框","4","6","107","38","131","194"
"誚","0","訁","註","0","7","21","23","93","213"
"誚","1","肖","鞘","9","7","133","14","93","230"
"誹","0","訁","護","0","7","12","20","80","212"
"誹","1","非","啡","3","8","93","8","148","239"
"諛","0","訁","訃","0","7","15","20","84","212"
"諛","1","臾","萸","3","8","92","17","134","228"
"諡","0","訁","護","0","7","9","29","83","202"
"諡","1","兮","兮","0","0","87","24","149","130"
"諡","2","皿","皿","0","0","90","165","153","66"
"諢","0","訁","護","0","7","13","24","81","198"
"諢","1","軍","軍","0","0","98","20","143","221"
"諳","0","訁","訂","0","7","16","24","75","208"
"諳","1","音","音","0","0","96","23","148","212"
"謅","0","訁","護","0","7","12","31","82","200"
"謅","1","芻","雛","0","10","87","19","150","226"
"謐","0","訁","護","0","7","11","23","83","208"
"謐","1","必","祕","4","5","93","23","142","115"
"謐","2","皿","皿","0","0","93","153","146","75"
"謔","0","訁","訃","0","7","13","24","81","198"
"謔","1","虐","虐","0","0","83","19","154","227"
"謖","0","訁","註","0","7","15","27","82","200"
"謖","1","畟","稷","5","10","93","25","149","221"
"謫","0","訁","護","0","7","13","31","82","200"
"謫","1","啇","敵","0","11","98","23","150","226"
"謳","0","訁","護","0","7","8","29","81","195"
"謳","1","區","歐","0","11","93","35","149","199"
"謾","0","訁","護","0","7","19","26","76","206"
"謾","1","曼","幔","3","11","102","30","133","215"
"譙","0","訁","護","0","7","15","20","79","216"
"譙","1","焦","蕉","3","12","96","15","147","222"
"譫","0","訁","護","0","7","13","27","83","201"
"譫","1","詹","澹","3","13","77","6","164","232"
"護","0","訁","護","0","7","10","29","79","199"
"護","1","蒦","護","7","13","86","15","154","225"
"譽","0","與","舉","0","14","7","15","241","131"
"譽","1","言","譽","13","7","31","136","199","114"
"讂","0","訁","詼","0","7","19","28","67","201"
"讂","1","敻","瓊","4","15","84","19","155","227"
"讎","0","隹","雉","5","8","14","9","86","229"
"讎","1","言","辯","7","7","105","20","55","218"
"讎","2","隹","雉","5","8","159","4","92","237"
"讞","0","訁","訝","0","7","9","23","57","191"
"讞","1","獻","獻","0","0","74","9","162","226"
"豇","0","豆","逗","3","7","6","40","112","187"
"豇","1","工","工","0","0","120","46","115","181"
"豭","0","豕","豚","6","7","3","31","99","207"
"豭","1","叚","遐","3","9","110","26","127","216"
"豳","0","山","山","0","0","32","14","198","235"
"豳","1","豕","逐","3","7","50","50","66","158"
"豳","2","豕","家","3","7","145","48","71","159"
"豶","0","豕","逐","3","7","13","37","93","196"
"豶","1","賁","賁","0","0","94","23","158","224"
"貅","0","豸","貍","0","7","2","24","101","210"
"貅","1","休","休","0","0","85","5","148","239"
"貔","0","豸","貊","0","7","11","28","101","210"
"貔","1","囟","媲","3","6","120","15","99","116"
"貔","2","比","仳","2","4","116","141","127","100"
"貰","0","世","世","0","0","25","17","201","71"
"貰","1","貝","貳","5","7","18","109","211","143"
"貺","0","貝","貳","5","7","9","28","94","218"
"貺","1","兄","兄","0","0","101","20","136","223"
"賕","0","貝","貳","5","7","9","32","83","200"
"賕","1","求","球","4","7","103","24","140","219"
"贄","0","執","執","0","0","13","9","232","114"
"贄","1","貝","貳","5","7","16","128","202","119"
"贓","0","貝","贓","0","7","13","30","63","205"
"贓","1","臧","臧","0","0","75","33","168","215"
"趄","0","走","趟","0","7","15","21","222","217"
"趄","1","且","且","0","0","99","31","140","169"
"趑","0","走","趣","0","7","15","21","222","217"
"趑","1","次","次","0","0","115","20","124","188"
"趖","0","走","趟","0","7","15","19","222","219"
"趖","1","坐","挫","3","7","104","17","124","177"
"蹩","0","敝","敝","0","0","28","14","215","107"
"蹩","1","足","足","0","0","19","132","215","113"
"軜","0","車","軍","2","7","6","17","119","214"
"軜","1","內","內","0","0","131","14","104","228"
"軫","0","車","輕","0","7","4","20","116","222"
"軫","1","㐱","參","6","5","114","12","118","234"
"軲","0","車","軸","0","7","8","19","116","221"
"軲","1","古","古","0","0","106","33","139","212"
"軹","0","車","連","3","7","7","14","120","222"
"軹","1","只","咫","4","5","121","34","125","198"
"軺","0","車","連","3","7","9","10","121","226"
"軺","1","召","迢","3","5","115","36","118","199"
"輗","0","車","連","3","7","11","21","100","216"
"輗","1","兒","兒","0","0","98","28","140","210"
"輮","0","車","連","3","7","4","15","108","226"
"輮","1","柔","柔","0","0","95","27","151","220"
"轆","0","車","連","3","7","1","15","112","226"
"轆","1","鹿","麝","0","11","98","16","146","235"
"轑","0","車","連","3","7","1","11","112","227"
"轑","1","尞","嘹","3","12","94","12","149","230"
"轗","0","車","連","3","7","1","11","101","226"
"轗","1","感","感","0","0","88","15","159","225"
"轙","0","車","連","3","7","1","12","108","226"
"轙","1","義","儀","2","13","104","20","136","228"
"轟","0","車","車","0","0","17","10","222","138"
"轟","1","車","連","3","7","9","120","122","135"
"轟","2","車","軍","2","7","121","119","122","136"
"轤","0","車","連","3","7","5","11","99","226"
"轤","1","盧","爐","4","16","92","11","148","230"
"辯","0","辛","辛","0","0","1","16","94","234"
"辯","1","言","譽","13","7","95","13","67","228"
"辯","2","辛","辛","0","0","156","19","93","229"
"迍","0","辶","遮","0","3","4","30","230","218"
"迍","1","屯","屯","0","0","83","24","147","190"
"迸","0","辶","遞","0","3","8","33","224","217"
"迸","1","并","并","0","0","86","23","149","187"
"逑","0","辶","遮","0","3","7","26","232","216"
"逑","1","求","求","0","0","84","20","154","191"
"逶","0","辶","遮","0","3","7","26","232","216"
"逶","1","委","委","0","0","75","27","154","190"
"遛","0","辶","遮","0","3","7","26","232","216"
"遛","1","留","留","0","0","78","26","154","186"
"遯","0","辶","遮","0","3","7","26","232","216"
"遯","1","豚","豚","0","0","89","23","154","188"
"遶","0","辶","遮","0","3","4","39","236","210"
"遶","1","堯","繞","6","12","74","23","164","186"
"邅","0","辶","遮","0","3","7","26","232","216"
"邅","1","亶","顫","0","13","75","25","154","183"
"邈","0","辶","遁","0","3","7","26","232","216"
"邈","1","貌","藐","3","14","64","22","173","196"
"邋","0","辶","遮","0","3","7","26","232","216"
"邋","1","巤","獵","3","15","89","18","154","196"
"邗","0","干","刊","0","3","21","35","123","198"
"邗","1","阝","郵","8","2","160","25","95","214"
"邯","0","甘","甘","0","0","6","15","148","223"
"邯","1","阝","郵","8","2","161","23","94","217"
"邳","0","丕","胚","6","5","11","28","133","181"
"邳","1","阝","郵","8","2","165","26","86","214"
"邴","0","丙","陋","2","5","20","29","123","198"
"邴","1","阝","郵","8","2","168","28","83","212"
"郝","0","赤","赤","0","0","20","20","135","208"
"郝","1","阝","郵","8","2","170","34","81","214"
"鄔","0","烏","烏","0","0","18","8","123","222"
"鄔","1","阝","郵","8","2","169","38","83","209"
"鄞","0","堇","勤","0","11","16","18","130","200"
"鄞","1","阝","郵","8","2","171","26","80","214"
"鄲","0","單","單","0","0","8","20","152","222"
"鄲","1","阝","郵","8","2","169","31","86","204"
"酢","0","酉","酉","0","0","18","29","112","203"
"酢","1","乍","柞","4","5","128","20","110","220"
"酲","0","酉","酋","2","7","13","31","101","203"
"酲","1","呈","呈","0","0","114","26","132","205"
"酶","0","酉","酋","2","7","13","26","101","213"
"酶","1","每","梅","4","7","112","12","124","223"
"醅","0","酉","酣","0","7","14","32","97","203"
"醅","1","咅","倍","2","8","114","18","133","224"
"醊","0","酉","酋","2","7","16","29","85","201"
"醊","1","叕","綴","6","8","114","24","124","216"
"醍","0","酉","酉","0","0","14","28","95","197"
"醍","1","是","堤","3","9","103","27","140","210"
"醐","0","酉","酋","2","7","12","27","87","195"
"醐","1","胡","葫","3","9","103","14","128","228"
"醚","0","酉","酉","0","0","11","29","85","203"
"醚","1","迷","迷","0","0","101","25","139","222"
"醛","0","酉","酩","0","7","13","31","95","203"
"醛","1","荃","荃","0","0","96","21","142","214"
"醢","0","酉","酉","0","0","12","30","88","199"
"醢","1","右","若","3","5","99","22","128","114"
"醢","2","皿","盂","3","5","107","158","137","75"
"醪","0","酉","酬","0","7","16","29","93","202"
"醪","1","翏","繆","6","11","114","28","124","214"
"醮","0","酉","酣","0","7","13","30","94","199"
"醮","1","焦","憔","3","12","105","23","139","214"
"醱","0","酉","酉","0","0","13","29","81","194"
"醱","1","發","撥","3","12","94","15","141","227"
"醴","0","酉","酋","2","7","13","34","93","202"
"醴","1","豊","澧","3","13","102","19","147","219"
"釭","0","釒","釵","0","8","14","29","99","204"
"釭","1","工","工","0","0","98","52","139","182"
"釱","0","釒","鍥","0","8","15","19","91","210"
"釱","1","大","大","0","0","106","18","131","221"
"鈃","0","釒","鍥","0","8","9","16","107","219"
"鈃","1","开","邢","0","4","113","41","123","211"
"鈇","0","釒","釧","0","8","7","20","102","213"
"鈇","1","夫","芙","3","4","99","19","136","221"
"鈒","0","釒","鍥","0","8","14","26","96","203"
"鈒","1","及","吸","3","4","91","40","149","206"
"鈦","0","釒","鍥","0","8","20","21","91","209"
"鈦","1","太","太","0","0","101","17","136","221"
"鈹","0","釒","鍥","0","8","7","17","105","214"
"鈹","1","皮","皴","7","5","97","27","146","205"
"鈿","0","釒","鍥","0","8","11","22","103","214"
"鈿","1","田","苗","3","5","129","37","97","204"
"鉅","0","釒","釧","0","8","8","25","105","205"
"鉅","1","巨","苣","3","5","128","31","115","213"
"鉆","0","釒","釧","0","8","16","26","99","211"
"鉆","1","占","占","0","0","137","21","110","219"
"鉏","0","釒","鍥","0","8","13","20","96","205"
"鉏","1","且","俎","4","5","94","31","161","198"
"鉚","0","釒","鍬","0","8","6","20","105","214"
"鉚","1","卯","柳","4","5","124","18","111","230"
"鉞","0","釒","鎂","0","8","10","26","98","210"
"鉞","1","戉","越","7","5","123","30","113","220"
"鉦","0","釒","鏽","0","8","15","26","93","205"
"鉦","1","正","正","0","0","105","40","137","190"
"鉧","0","釒","鍥","0","8","5","20","102","209"
"鉧","1","母","母","0","0","96","38","150","206"
"銃","0","釒","鍥","0","8","12","19","98","210"
"銃","1","充","統","6","5","112","13","129","231"
"銍","0","釒","釧","0","8","8","28","98","210"
"銍","1","至","至","0","0","105","36","138","200"
"銚","0","釒","鍥","0","8","9","18","96","209"
"銚","1","兆","桃","4","6","107","24","134","214"
"銨","0","釒","釧","0","8","6","27","99","206"
"銨","1","安","安","0","0","102","17","138","222"
"銲","0","釒","鐮","0","8","15","23","92","210"
"銲","1","旱","趕","7","7","102","28","149","209"
"鋃","0","釒","鍥","0","8","8","18","93","210"
"鋃","1","良","狼","3","7","119","19","124","214"
"鋋","0","釒","鍥","0","8","8","18","92","210"
"鋋","1","延","涎","3","8","90","36","159","211"
"鋌","0","釒","鍥","0","8","8","18","92","210"
"鋌","1","廷","蜓","6","7","89","30","152","214"
"鋗","0","釒","鐺","0","8","16","28","96","209"
"鋗","1","肙","狷","3","7","132","24","95","212"
"鋙","0","釒","鐺","0","8","12","17","98","210"
"鋙","1","吾","衙","6","7","103","33","149","203"
"鋡","0","釒","鐮","0","8","11","27","96","213"
"鋡","1","含","含","0","0","104","16","134","220"
"鋦","0","釒","鍥","0","8","10","25","96","210"
"鋦","1","局","局","0","0","105","32","126","219"
"鋰","0","釒","鎂","0","8","18","26","92","210"
"鋰","1","里","裡","5","7","105","38","150","192"
"錙","0","釒","鏈","0","8","11","22","102","208"
"錙","1","甾","緇","6","8","121","19","121","218"
"錡","0","釒","釧","0","8","8","30","102","202"
"錡","1","奇","奇","0","0","101","23","141","222"
"錧","0","釒","鎔","0","8","18","22","91","210"
"錧","1","官","菅","3","8","105","13","136","231"
"錮","0","釒","鍥","0","8","11","22","102","208"
"錮","1","固","固","0","0","121","33","114","214"
"鍑","0","釒","鍥","0","8","9","18","96","209"
"鍑","1","复","馥","9","9","105","20","136","218"
"鍚","0","釒","釧","0","8","7","29","98","206"
"鍚","1","昜","腸","6","9","101","27","143","215"
"鍤","0","釒","釧","0","8","13","23","92","210"
"鍤","1","臿","插","3","9","114","27","130","207"
"鍭","0","釒","鍥","0","8","10","17","82","209"
"鍭","1","侯","侯","0","0","79","19","158","221"
"鍼","0","釒","鍥","0","8","7","22","91","210"
"鍼","1","咸","咸","0","0","85","13","162","231"
"鎘","0","釒","釧","0","8","13","24","93","207"
"鎘","1","鬲","隔","2","10","117","36","124","203"
"鎧","0","釒","釧","0","8","12","23","93","210"
"鎧","1","豈","豈","0","0","101","23","137","210"
"鎩","0","釒","鍥","0","8","7","18","86","215"
"鎩","1","殺","殺","0","0","92","22","150","221"
"鐈","0","釒","鐺","0","8","11","28","87","201"
"鐈","1","喬","喬","0","0","92","21","143","222"
"鐊","0","釒","鍥","0","8","3","24","85","205"
"鐊","1","陽","陽","0","0","99","31","148","210"
"鐎","0","釒","鍥","0","8","10","27","96","209"
"鐎","1","焦","蕉","3","12","102","17","138","220"
"鐐","0","釒","鍥","0","8","6","19","92","210"
"鐐","1","尞","嘹","3","12","101","13","139","229"
"鐔","0","釒","鍥","0","8","9","32","96","196"
"鐔","1","覃","蕈","3","12","100","25","140","221"
"鐗","0","釒","鐮","0","8","12","22","94","201"
"鐗","1","閒","閒","0","0","116","31","120","210"
"鐙","0","釒","鍥","0","8","11","28","96","201"
"鐙","1","登","磴","5","12","90","20","151","212"
"鐫","0","釒","鍥","0","8","8","25","94","201"
"鐫","1","雋","雋","0","0","97","12","145","228"
"鐮","0","釒","鍥","0","8","9","22","92","203"
"鐮","1","廉","濂","3","13","90","13","155","230"
"鐲","0","釒","釧","0","8","11","23","94","208"
"鐲","1","蜀","蜀","0","0","104","27","136","215"
"鐳","0","釒","鍥","0","8","17","22","84","209"
"鐳","1","雷","雷","0","0","107","30","132","198"
"鐸","0","釒","鐺","0","8","4","26","94","204"
"鐸","1","睪","睪","0","0","99","28","139","220"
"鐺","0","釒","鐺","0","8","6","24","96","209"
"鐺","1","當","當","0","0","106","20","134","222"
"鑊","0","釒","鍥","0","8","18","17","83","218"
"鑊","1","蒦","護","7","13","96","15","151","222"
"鑷","0","釒","釧","0","8","9","22","83","207"
"鑷","1","聶","囁","3","18","90","25","153","221"
"閜","0","門","闢","0","8","30","25","198","223"
"閜","1","可","阿","2","5","46","122","145","107"
"閫","0","門","問","0","8","30","29","194","212"
"閫","1","困","捆","3","7","75","111","103","107"
"閹","0","門","閑","0","8","24","27","203","212"
"閹","1","奄","菴","3","8","48","90","152","128"
"閼","0","門","閃","0","8","24","27","203","212"
"閼","1","於","菸","3","8","49","97","152","141"
"闕","0","門","闢","0","8","32","15","190","234"
"闕","1","欮","厥","2","10","49","95","160","135"
"闢","0","門","闔","0","8","30","27","196","218"
"闢","1","辟","劈","0","13","48","97","158","125"
"阢","0","阝","郵","8","2","25","30","76","200"
"阢","1","兀","兀","0","0","96","42","137","199"
"陂","0","阝","郵","8","2","27","23","74","232"
"陂","1","皮","皺","10","5","86","13","160","240"
"陟","0","阝","郵","8","2","21","17","64","238"
"陟","1","步","步","0","0","62","18","176","231"
"隤","0","阝","郵","8","2","20","26","67","218"
"隤","1","貴","貴","0","0","77","14","165","236"
"隼","0","隹","雀","3","8","14","7","218","144"
"隼","1","十","早","4","2","23","149","221","97"
"雒","0","各","骼","9","6","18","15","103","213"
"雒","1","隹","雀","3","8","118","3","119","225"
"雩","0","雨","露","0","8","15","25","232","86"
"雩","1","亏","圬","3","3","12","125","230","125"
"露","0","雨","露","0","8","24","20","212","75"
"露","1","路","路","0","0","31","101","202","138"
"霹","0","雨","露","0","8","26","25","211","72"
"霹","1","辟","擘","0","13","14","105","221","141"
"靚","0","青","菁","3","8","8","11","128","235"
"靚","1","見","見","0","0","113","30","135","219"
"靯","0","革","鞘","0","9","4","20","123","214"
"靯","1","土","去","0","3","119","15","113","208"
"靳","0","革","革","0","0","5","18","121","213"
"靳","1","斤","芹","3","4","118","23","122","222"
"靷","0","革","革","0","0","3","24","121","213"
"靷","1","引","蚓","6","4","124","27","122","222"
"靸","0","革","鞅","0","9","3","23","121","213"
"靸","1","及","吸","3","4","108","37","125","209"
"靽","0","革","鞘","0","9","8","18","111","220"
"靽","1","半","半","0","0","112","19","133","225"
"鞀","0","革","革","0","0","15","16","106","220"
"鞀","1","召","迢","3","5","119","30","114","204"
"鞇","0","革","革","0","0","16","21","98","219"
"鞇","1","因","茵","3","6","133","33","100","214"
"鞢","0","革","革","0","0","6","22","101","216"
"鞢","1","枼","葉","3","9","99","18","145","226"
"鞮","0","革","鞘","0","9","8","24","117","216"
"鞮","1","是","題","0","9","106","23","139","215"
"韙","0","是","題","0","9","13","22","106","220"
"韙","1","韋","韋","0","0","113","10","123","210"
"響","0","鄉","響","0","12","11","11","233","117"
"響","1","音","響","11","9","25","126","214","119"
"頇","0","干","羋","4","3","11","29","97","207"
"頇","1","頁","顧","12","9","104","31","149","214"
"頏","0","亢","骯","9","4","10","22","101","206"
"頏","1","頁","顧","12","9","111","26","126","205"
"頜","0","合","翕","0","6","6","20","120","204"
"頜","1","頁","顧","12","9","113","32","127","205"
"頞","0","安","安","0","0","9","12","115","219"
"頞","1","頁","顧","12","9","122","33","125","205"
"顧","0","雇","雇","0","0","7","18","118","219"
"顧","1","頁","顧","12","9","129","31","115","206"
"顴","0","雚","歡","0","17","16","17","125","215"
"顴","1","頁","顧","12","9","132","33","116","204"
"餑","0","飠","餛","0","8","14","24","95","208"
"餑","1","孛","荸","3","7","101","18","142","223"
"餚","0","飠","饞","0","8","12","21","99","208"
"餚","1","肴","肴","0","0","95","15","143","232"
"餬","0","飠","饞","0","8","8","18","88","208"
"餬","1","胡","葫","3","9","93","15","139","225"
"餮","0","殄","殄","0","0","25","14","220","93"
"餮","1","食","食","0","0","13","97","221","145"
"餳","0","飠","饞","0","8","12","20","100","212"
"餳","1","昜","陽","2","9","101","23","145","219"
"饃","0","飠","饞","0","8","11","25","101","208"
"饃","1","莫","莫","0","0","106","18","137","224"
"饈","0","飠","餽","0","8","10","20","95","215"
"饈","1","羞","羞","0","0","102","19","137","225"
"饊","0","飠","餡","0","8","9","21","89","208"
"饊","1","散","撒","3","12","92","20","155","220"
"饋","0","飠","饞","0","8","12","19","99","208"
"饋","1","貴","遺","3","12","99","24","153","219"
"饌","0","飠","饞","0","8","14","21","95","208"
"饌","1","巽","選","3","12","105","22","137","219"
"饕","0","號","號","0","0","29","12","211","115"
"饕","1","食","食","0","0","12","126","222","116"
"饗","0","鄉","響","0","12","21","8","219","106"
"饗","1","食","食","0","0","17","111","212","134"
"駮","0","馬","驀","10","10","10","28","102","214"
"駮","1","交","蛟","6","6","115","11","112","234"
"騂","0","馬","驀","10","10","13","29","86","204"
"騂","1","辛","辛","0","0","106","17","134","228"
"騅","0","馬","驚","12","10","12","29","87","202"
"騅","1","隹","雉","5","8","108","14","135","218"
"騏","0","馬","驀","10","10","14","31","91","189"
"騏","1","其","淇","3","8","109","24","134","221"
"騩","0","馬","驚","12","10","15","30","82","202"
"騩","1","鬼","魅","0","10","93","12","139","232"
"騭","0","陟","陟","0","0","34","20","203","103"
"騭","1","馬","馮","2","10","29","129","191","114"
"騮","0","馬","驀","10","10","11","33","86","200"
"騮","1","留","留","0","0","112","20","126","213"
"騶","0","馬","驀","10","10","12","29","90","203"
"騶","1","芻","芻","0","0","98","12","135","234"
"驁","0","敖","鼇","0","11","11","11","227","119"
"驁","1","馬","驚","12","10","24","131","198","113"
"驊","0","馬","驚","12","10","12","31","84","197"
"驊","1","華","華","0","0","106","16","137","230"
"驍","0","馬","驀","10","10","13","35","80","194"
"驍","1","堯","繞","6","12","103","22","140","220"
"髀","0","骨","骨","0","0","11","27","103","209"
"髀","1","卑","俾","2","8","117","21","137","216"
"髕","0","骨","猾","3","10","9","28","96","213"
"髕","1","賓","儐","2","14","111","29","130","217"
"髖","0","骨","骨","0","0","9","30","102","208"
"髖","1","寬","寬","0","0","106","18","135","220"
"髟","0","镸","肆","0","7","17","30","127","196"
"髟","1","彡","彰","11","3","136","18","104","217"
"髡","0","髟","鬆","0","10","12","21","224","125"
"髡","1","兀","兀","0","0","28","157","216","86"
"髣","0","髟","髭","0","10","8","19","232","106"
"髣","1","方","坊","3","4","15","136","218","108"
"髫","0","髟","髭","0","10","9","18","232","106"
"髫","1","召","迢","3","5","21","133","198","113"
"髴","0","髟","髮","0","10","10","16","227","107"
"髴","1","弗","拂","3","5","17","125","224","118"
"髹","0","髟","鬚","0","10","9","15","232","106"
"髹","1","休","咻","3","6","17","129","218","115"
"鬈","0","髟","髭","0","10","8","14","233","93"
"鬈","1","卷","卷","0","0","12","111","229","137"
"鬟","0","髟","髭","0","10","12","15","224","87"
"鬟","1","睘","環","4","13","12","107","230","137"
"鬩","0","鬥","鬧","0","10","27","23","193","215"
"鬩","1","兒","兒","0","0","54","99","137","124"
"鬮","0","鬥","鬥","0","0","33","10","199","233"
"鬮","1","龜","龜","0","0","55","95","150","131"
"鬾","0","鬼","魁","0","10","1","18","248","236"
"鬾","1","支","枝","4","4","128","21","111","201"
"魍","0","鬼","魁","0","10","1","12","241","241"
"魍","1","罔","罔","0","0","134","27","91","181"
"魎","0","鬼","魁","0","10","3","14","241","240"
"魎","1","兩","兩","0","0","117","39","130","170"
"魠","0","魚","魚","0","0","13","27","115","216"
"魠","1","乇","托","3","3","113","30","130","212"
"魨","0","魚","鰱","0","11","13","27","115","216"
"魨","1","屯","沌","3","4","132","35","105","212"
"鮐","0","魚","鱸","0","11","9","25","115","216"
"鮐","1","台","苔","3","5","123","24","120","212"
"鮒","0","魚","鱗","0","11","11","27","108","216"
"鮒","1","付","付","0","0","116","18","119","227"
"鮭","0","魚","鱸","0","11","9","27","108","206"
"鮭","1","圭","圭","0","0","109","23","131","214"
"鯀","0","魚","鱸","0","11","8","19","115","223"
"鯀","1","系","係","2","7","115","22","124","222"
"鯁","0","魚","鱗","0","11","10","19","110","224"
"鯁","1","更","甦","0","7","110","36","138","210"
"鯛","0","魚","鱗","0","11","13","21","104","219"
"鯛","1","周","週","3","8","112","26","117","210"
"鯝","0","魚","鰾","0","11","14","24","106","208"
"鯝","1","固","固","0","0","129","35","106","210"
"鯢","0","魚","鱸","0","11","16","22","94","212"
"鯢","1","兒","兒","0","0","108","26","126","207"
"鯰","0","魚","鱸","0","11","13","22","101","215"
"鯰","1","念","捻","3","8","112","18","130","219"
"鰈","0","魚","鱸","0","11","7","19","109","219"
"鰈","1","枼","葉","3","9","96","23","142","225"
"鰲","0","敖","敖","0","0","10","13","226","112"
"鰲","1","魚","魚","0","0","28","123","204","121"
"鰹","0","魚","鱸","0","11","9","23","93","213"
"鰹","1","堅","鏗","8","11","108","37","125","192"
"鱈","0","魚","鱸","0","11","17","22","93","213"
"鱈","1","雪","雪","0","0","108","35","137","201"
"鱒","0","魚","鱗","0","11","12","27","100","208"
"鱒","1","尊","樽","4","12","101","21","145","221"
"鱘","0","魚","鱸","0","11","8","23","100","208"
"鱘","1","尋","尋","0","0","105","23","143","215"
"鱣","0","魚","鯊","7","11","13","19","89","209"
"鱣","1","亶","顫","0","13","99","15","141","215"
"鱺","0","魚","鱸","0","11","3","15","95","224"
"鱺","1","麗","邐","3","19","91","26","145","210"
"鳧","0","鳥","鴛","5","11","32","9","200","173"
"鳧","1","几","咒","6","2","16","177","205","70"
"鴞","0","号","號","0","5","12","34","107","200"
"鴞","1","鳥","鴨","5","11","119","15","115","223"
"鴟","0","氐","邸","0","5","25","25","89","205"
"鴟","1","鳥","鴛","5","11","113","16","120","214"
"鴳","0","安","安","0","0","13","15","109","221"
"鴳","1","鳥","鴨","5","11","119","15","115","224"
"鵃","0","舟","船","0","6","19","15","104","221"
"鵃","1","鳥","鴦","5","11","120","14","115","224"
"鵰","0","周","週","3","8","16","26","97","202"
"鵰","1","鳥","鳥","0","0","125","17","112","218"
"鶚","0","咢","鄂","0","9","11","29","115","210"
"鶚","1","鳥","鳥","0","0","125","21","109","214"
"鶺","0","脊","脊","0","0","10","23","113","219"
"鶺","1","鳥","鴦","5","11","123","17","112","221"
"鶻","0","骨","骯","0","10","12","28","109","215"
"鶻","1","鳥","鴦","5","11","122","17","107","219"
"鷃","0","晏","晏","0","0","13","25","121","213"
"鷃","1","鳥","鳥","0","0","127","13","107","227"
"鷲","0","就","就","0","0","17","18","222","94"
"鷲","1","鳥","鳥","0","0","34","114","187","129"
"鷸","0","矞","橘","4","12","4","29","135","210"
"鷸","1","鳥","鴦","5","11","134","16","107","223"
"鸛","0","雚","歡","0","17","11","19","124","214"
"鸛","1","鳥","鳥","0","0","133","15","98","221"
"鸝","0","麗","邐","3","19","13","30","123","212"
"鸝","1","鳥","鳩","2","11","140","16","99","224"
"麇","0","鹿","麝","0","11","10","1","230","221"
"麇","1","禾","禾","0","0","37","170","211","85"
"麈","0","鹿","麝","0","11","8","7","230","215"
"麈","1","主","蛀","6","5","47","165","194","73"
"麠","0","鹿","麝","0","11","3","8","236","150"
"麠","1","畺","薑","3","13","42","129","195","116"
"麮","0","麥","麥","0","0","6","12","128","227"
"麮","1","去","去","0","0","129","40","111","200"
"黥","0","黑","嘿","3","12","8","32","108","192"
"黥","1","京","就","0","8","112","24","130","223"
"黿","0","元","阮","2","4","21","22","211","70"
"黿","1","黽","鼇","10","13","37","104","197","138"
"鼐","0","乃","秀","5","2","13","16","219","64"
"鼐","1","鼎","鼎","0","0","14","79","205","162"
"鼯","0","鼠","鼴","0","13","20","26","109","205"
"鼯","1","吾","唔","3","7","118","36","131","201"
"齎","0","齊","齋","0","14","8","6","234","215"
"齎","1","貝","貳","5","7","51","172","134","76"
"齔","0","齒","齪","0","15","13","13","130","227"
"齔","1","匕","匕","0","0","164","23","79","226"
"齶","0","齒","齪","0","15","12","19","115","218"
"齶","1","咢","鄂","0","9","121","28","120","219"
"龕","0","合","拿","0","6","14","18","228","90"
"龕","1","龍","寵","3","16","10","112","231","127"
"𨬍","0","釒","銓","0","8","6","23","90","215"
"𨬍","1","隋","墮","0","12","95","24","153","210"
"𨽍","0","阝","陡","0","2","26","26","78","206"
"𨽍","1","賣","犢","4","15","89","14","159","215"
"𩉾","0","革","勒","0","9","6","17","122","223"
"𩉾","1","甲","閘","8","5","140","25","112","216"
"𩌈","0","革","韁","0","9","1","17","122","223"
"𩌈","1","索","索","0","0","106","3","123","230"
"𩍜","0","革","革","0","0","1","17","122","223"
"𩍜","1","睪","睪","0","0","114","17","123","225"
"𩍿","0","革","革","0","0","1","17","101","223"
"𩍿","1","薄","薄","0","0","113","17","123","225"
"𩎃","0","革","靶","0","9","2","16","96","223"
"𩎃","1","燮","燮","0","0","96","17","141","225"
